#
# TABLE STRUCTURE FOR: users
#

INSERT INTO `users` (`id`, `firstname`, `lastname`, `email`, `password_hash`, `phone`) VALUES ('101', 'Ibrahim', 'Casper', 'abigail89@example.com', 'fd6e6be5d46d17d74b6c8bc7f3ec61a2bf263d56', 574275);
INSERT INTO `users` (`id`, `firstname`, `lastname`, `email`, `password_hash`, `phone`) VALUES ('102', 'Quinn', 'Veum', 'dubuque.beaulah@example.net', 'f814121cc97c2463a287d491113e7e23ab3898b7', 1);
INSERT INTO `users` (`id`, `firstname`, `lastname`, `email`, `password_hash`, `phone`) VALUES ('103', 'Ford', 'Mills', 'neha.hermiston@example.org', '77977150564ade73b37027857d1b63c8b9160dc3', 0);
INSERT INTO `users` (`id`, `firstname`, `lastname`, `email`, `password_hash`, `phone`) VALUES ('104', 'Tyler', 'Emmerich', 'kristopher63@example.net', 'aa445a6442bea45ee8bba3f374de9e9fa2b95d7d', 842);
INSERT INTO `users` (`id`, `firstname`, `lastname`, `email`, `password_hash`, `phone`) VALUES ('105', 'Billie', 'Spinka', 'rafael50@example.org', 'cad325282949e83baf69a01dd6a1b2c4e57bf664', 281);
INSERT INTO `users` (`id`, `firstname`, `lastname`, `email`, `password_hash`, `phone`) VALUES ('107', 'Anita', 'Lowe', 'vbernhard@example.net', 'b265e565f146df7babe0b96ddec2bd7def2c3eb6', 371115);
INSERT INTO `users` (`id`, `firstname`, `lastname`, `email`, `password_hash`, `phone`) VALUES ('108', 'Cheyanne', 'Walsh', 'qgaylord@example.net', '6c7e36cb87d11a2a6cf2570ceb2f923e31100b2b', 395907);
INSERT INTO `users` (`id`, `firstname`, `lastname`, `email`, `password_hash`, `phone`) VALUES ('109', 'Arvel', 'Rolfson', 'kristin82@example.org', 'd6430c6f1910071446d80c0e993dcf6e44b4e6ac', 4294967295);
INSERT INTO `users` (`id`, `firstname`, `lastname`, `email`, `password_hash`, `phone`) VALUES ('110', 'Berneice', 'Stehr', 'aswaniawski@example.org', '05d4106c47f11472c24b52fd7428807de8564a5c', 432160);
INSERT INTO `users` (`id`, `firstname`, `lastname`, `email`, `password_hash`, `phone`) VALUES ('113', 'Lukas', 'Swift', 'wgottlieb@example.org', '2a34cffc9bc4edca3dd1d86727505c4f847cbe5a', 786);
INSERT INTO `users` (`id`, `firstname`, `lastname`, `email`, `password_hash`, `phone`) VALUES ('115', 'Leonora', 'Osinski', 'qwilderman@example.com', '677357faddb8b96fc910c9367e1cf97111ccf9f5', 65564);
INSERT INTO `users` (`id`, `firstname`, `lastname`, `email`, `password_hash`, `phone`) VALUES ('116', 'Noemie', 'Rolfson', 'jlesch@example.net', '4f46ccb5d8ed3232c57732cf59c8d129daea616a', 765);
INSERT INTO `users` (`id`, `firstname`, `lastname`, `email`, `password_hash`, `phone`) VALUES ('120', 'Dana', 'Boyle', 'xupton@example.org', '5acb3547343065bb74b7e2a4a22e6256990909d2', 612);
INSERT INTO `users` (`id`, `firstname`, `lastname`, `email`, `password_hash`, `phone`) VALUES ('121', 'Annetta', 'Hilpert', 'opal62@example.net', '436822621eb1b76007c04a815227972d5fc8ffd9', 156);
INSERT INTO `users` (`id`, `firstname`, `lastname`, `email`, `password_hash`, `phone`) VALUES ('122', 'Angeline', 'Dibbert', 'julio75@example.com', '097b05e1748bf63f409ba5204e70f9da07d20f5a', 232);
INSERT INTO `users` (`id`, `firstname`, `lastname`, `email`, `password_hash`, `phone`) VALUES ('123', 'Ilene', 'Koelpin', 'sid.block@example.org', 'bd3ae19cd9b6b9e00cf06812a01bdb1f14c0efbe', 13);
INSERT INTO `users` (`id`, `firstname`, `lastname`, `email`, `password_hash`, `phone`) VALUES ('124', 'Jordane', 'Sipes', 'klang@example.net', 'c2e5cd6d47570c1a2083d8ace147c4ff0c0dafa4', 10);
INSERT INTO `users` (`id`, `firstname`, `lastname`, `email`, `password_hash`, `phone`) VALUES ('128', 'Myrtice', 'Lueilwitz', 'abbie.terry@example.com', '0f5e17801f8ec875b2cca0c17ca356be94edce8a', 975);
INSERT INTO `users` (`id`, `firstname`, `lastname`, `email`, `password_hash`, `phone`) VALUES ('131', 'Camron', 'Kris', 'mia62@example.org', '50ae136a248981ea906e606eeff6b75ca4a76abe', 3758195947);
INSERT INTO `users` (`id`, `firstname`, `lastname`, `email`, `password_hash`, `phone`) VALUES ('134', 'Brian', 'Mayert', 'jamir47@example.org', 'f740bc2f5624f5ccfaea163f9116cd0d1c633753', 209);
INSERT INTO `users` (`id`, `firstname`, `lastname`, `email`, `password_hash`, `phone`) VALUES ('136', 'Arch', 'Berge', 'ethelyn23@example.com', 'da994744c3eeda4a91df5750fd82af73deb416c6', 703915);
INSERT INTO `users` (`id`, `firstname`, `lastname`, `email`, `password_hash`, `phone`) VALUES ('137', 'Melissa', 'Swaniawski', 'bailey.berniece@example.com', 'a1c52c23baf7addc9b3ae85f283a343b02df2354', 995);
INSERT INTO `users` (`id`, `firstname`, `lastname`, `email`, `password_hash`, `phone`) VALUES ('139', 'Christop', 'Kertzmann', 'pdietrich@example.com', '4b42bcfbf081a965f257024eb3226cdd81503cda', 369);
INSERT INTO `users` (`id`, `firstname`, `lastname`, `email`, `password_hash`, `phone`) VALUES ('142', 'Caleb', 'Cruickshank', 'ypollich@example.org', '1594cc704642a340d92ecd900c2e04ee20c0986b', 250);
INSERT INTO `users` (`id`, `firstname`, `lastname`, `email`, `password_hash`, `phone`) VALUES ('146', 'Maegan', 'Marquardt', 'schmeler.nathanael@example.org', '29c4f7b80f66c3f5611fda9c2c6a256528859f04', 906972);
INSERT INTO `users` (`id`, `firstname`, `lastname`, `email`, `password_hash`, `phone`) VALUES ('150', 'Isabel', 'Fritsch', 'reed31@example.com', '0a58152074fe23b4aa356df34f8cea9c34170314', 329630);
INSERT INTO `users` (`id`, `firstname`, `lastname`, `email`, `password_hash`, `phone`) VALUES ('152', 'Shayne', 'Herzog', 'kacie.mills@example.net', 'a5f0a1de2fbed93acf70515e44f91a0333886ae7', 88);
INSERT INTO `users` (`id`, `firstname`, `lastname`, `email`, `password_hash`, `phone`) VALUES ('154', 'Jacques', 'Sawayn', 'princess.schmeler@example.org', 'f31ff33a9e204cb1808d7ea1f7a75ce1b440b588', 706031);
INSERT INTO `users` (`id`, `firstname`, `lastname`, `email`, `password_hash`, `phone`) VALUES ('155', 'Ramona', 'Gleason', 'werner.rippin@example.org', '6c869adb9ec7069a6eacea15943fba9ea7afd7d7', 905);
INSERT INTO `users` (`id`, `firstname`, `lastname`, `email`, `password_hash`, `phone`) VALUES ('156', 'Aron', 'Spinka', 'aric.green@example.org', '315e5c5b5a9497e0af24b30285ea68ab839ce90d', 36398);
INSERT INTO `users` (`id`, `firstname`, `lastname`, `email`, `password_hash`, `phone`) VALUES ('157', 'Marcia', 'Schaden', 'colson@example.net', 'cf1c135be4836a23071f5ce6aae0a34c494b1169', 255778098);
INSERT INTO `users` (`id`, `firstname`, `lastname`, `email`, `password_hash`, `phone`) VALUES ('158', 'Reagan', 'Brakus', 'grempel@example.net', '6365f0c976c291914e37a3256f637b9287c733e2', 279397);
INSERT INTO `users` (`id`, `firstname`, `lastname`, `email`, `password_hash`, `phone`) VALUES ('163', 'Erna', 'Wolff', 'lspinka@example.com', '845f3dffe82128a6d7206ff957646f35a47e7c90', 60);
INSERT INTO `users` (`id`, `firstname`, `lastname`, `email`, `password_hash`, `phone`) VALUES ('164', 'Eduardo', 'Mraz', 'kohler.deshaun@example.org', '577eee65ff32425e84d6dcfb086cf379dafd691b', 147);
INSERT INTO `users` (`id`, `firstname`, `lastname`, `email`, `password_hash`, `phone`) VALUES ('166', 'Khalid', 'Powlowski', 'abby.dare@example.net', 'd6524a08ffd5d90a179cbac58246b33b63f59194', 782185782);
INSERT INTO `users` (`id`, `firstname`, `lastname`, `email`, `password_hash`, `phone`) VALUES ('167', 'Lew', 'Murazik', 'raoul34@example.com', '8097bfdc8c8e2114290d18d344989ab9345cc2a0', 488);
INSERT INTO `users` (`id`, `firstname`, `lastname`, `email`, `password_hash`, `phone`) VALUES ('169', 'Jed', 'Hane', 'thoppe@example.com', '315f268554777eb39f3335d653e20706ecf63859', 798806);
INSERT INTO `users` (`id`, `firstname`, `lastname`, `email`, `password_hash`, `phone`) VALUES ('170', 'Grant', 'Schoen', 'tomasa.becker@example.com', 'db19e3c2718d7a586ace7657edab8048a3982586', 194);
INSERT INTO `users` (`id`, `firstname`, `lastname`, `email`, `password_hash`, `phone`) VALUES ('175', 'Roderick', 'Reichel', 'rod84@example.org', '87a5c7f5bd66cd3e6ecb9a0ee3700f2f75899d64', 584594);
INSERT INTO `users` (`id`, `firstname`, `lastname`, `email`, `password_hash`, `phone`) VALUES ('176', 'Antonia', 'Mayer', 'flavie.hills@example.com', '3a0f620f9bd582f8d59e4a8241f1eddbb1572625', 925);
INSERT INTO `users` (`id`, `firstname`, `lastname`, `email`, `password_hash`, `phone`) VALUES ('177', 'Kelton', 'Bins', 'sschumm@example.org', '90fdd3e0b54d97fe9b854c7c9b57001ca59340af', 846);
INSERT INTO `users` (`id`, `firstname`, `lastname`, `email`, `password_hash`, `phone`) VALUES ('180', 'Kristopher', 'Kutch', 'nelle69@example.net', 'a740887fef5e983a4fb10759b3cc3d2e6fcef455', 2517686026);
INSERT INTO `users` (`id`, `firstname`, `lastname`, `email`, `password_hash`, `phone`) VALUES ('181', 'Luna', 'Keeling', 'ferry.sid@example.org', '9ebb11ea69e1ea73ee6b9a972bfe2f7d5ec489a4', 79);
INSERT INTO `users` (`id`, `firstname`, `lastname`, `email`, `password_hash`, `phone`) VALUES ('185', 'Reta', 'Ondricka', 'orin61@example.org', '1354ff8a6173df5de142ba01ade1acbfd2500440', 4090919196);
INSERT INTO `users` (`id`, `firstname`, `lastname`, `email`, `password_hash`, `phone`) VALUES ('186', 'Clair', 'Weissnat', 'ifranecki@example.org', '195aa5d46ddad303325f716fea4d22ea9ab685c7', 77);
INSERT INTO `users` (`id`, `firstname`, `lastname`, `email`, `password_hash`, `phone`) VALUES ('188', 'Shawn', 'Kutch', 'jennie.franecki@example.com', '22762106e7931d31a45bbdadefccf71654c6a8d8', 166893);
INSERT INTO `users` (`id`, `firstname`, `lastname`, `email`, `password_hash`, `phone`) VALUES ('191', 'Al', 'Lakin', 'ckulas@example.com', '3f57c2eb78af07326c77375d3411b4db41faa60a', 318);
INSERT INTO `users` (`id`, `firstname`, `lastname`, `email`, `password_hash`, `phone`) VALUES ('194', 'Dion', 'Schuster', 'kirlin.magdalen@example.com', 'f836343a540577d749896fe55ff7c1c97a30cdfa', 851893);
INSERT INTO `users` (`id`, `firstname`, `lastname`, `email`, `password_hash`, `phone`) VALUES ('195', 'Ressie', 'Pagac', 'aurore33@example.com', 'e20ac7089cf94bbac6bc208f8869ea1bce8510e0', 443948);
INSERT INTO `users` (`id`, `firstname`, `lastname`, `email`, `password_hash`, `phone`) VALUES ('196', 'Timothy', 'Tromp', 'xheaney@example.org', '95da4a4601e76e1a04cbc8b9ad4fbd17bae3de47', 977);
INSERT INTO `users` (`id`, `firstname`, `lastname`, `email`, `password_hash`, `phone`) VALUES ('199', 'Lysanne', 'Stehr', 'sallie.rath@example.net', '90a304e6b3e705da38a2c7282a5f0722d4d81a43', 657725);

#
# TABLE STRUCTURE FOR: bookmarks
#

INSERT INTO `bookmarks` (`id`, `add_user_id`, `name`, `body`, `created_at`, `update_at`) VALUES ('1', '101', 'dignissimos', 'Dolor accusantium distinctio qui doloribus a. Ut fugit omnis quasi sit iste. Delectus neque eveniet non consequatur ea itaque.', '1991-10-31 22:02:04', '2017-10-16 21:14:12');
INSERT INTO `bookmarks` (`id`, `add_user_id`, `name`, `body`, `created_at`, `update_at`) VALUES ('2', '102', 'eaque', 'Nisi accusantium molestiae minima neque doloremque cum ab. Nam animi distinctio quia qui dolore qui. Ipsa voluptatem rem ex ut. Libero nisi debitis libero et hic.', '2015-01-31 12:26:06', '1977-09-01 08:50:46');
INSERT INTO `bookmarks` (`id`, `add_user_id`, `name`, `body`, `created_at`, `update_at`) VALUES ('3', '103', 'adipisci', 'Commodi illum et eaque sed pariatur et atque sit. Voluptas omnis rerum id ipsa. Tenetur molestiae aliquam facere. Sit quibusdam enim et ipsam.', '2000-12-30 08:51:06', '1974-08-04 17:39:03');
INSERT INTO `bookmarks` (`id`, `add_user_id`, `name`, `body`, `created_at`, `update_at`) VALUES ('4', '104', 'necessitatibus', 'Voluptas quis et molestias sed quisquam. Dignissimos mollitia accusantium molestias illum perspiciatis error. Numquam tempora hic in.', '1982-02-04 05:26:01', '1972-10-30 23:01:31');
INSERT INTO `bookmarks` (`id`, `add_user_id`, `name`, `body`, `created_at`, `update_at`) VALUES ('5', '105', 'et', 'Error doloribus eos voluptas. Qui minima nihil consequatur blanditiis et in. Et perspiciatis rerum asperiores quo neque numquam rem.', '1998-02-09 07:11:55', '1979-10-23 06:03:08');
INSERT INTO `bookmarks` (`id`, `add_user_id`, `name`, `body`, `created_at`, `update_at`) VALUES ('6', '107', 'iusto', 'Dolores harum expedita ut reiciendis aut commodi dolor. Et consequatur iste porro aut nesciunt sit expedita culpa. Ipsa sint sunt aliquid et sed molestiae. Rerum officia ipsum provident veritatis.', '2020-05-27 06:13:21', '2006-07-16 20:20:40');
INSERT INTO `bookmarks` (`id`, `add_user_id`, `name`, `body`, `created_at`, `update_at`) VALUES ('7', '108', 'nobis', 'Ullam at sit dolorem nihil culpa magnam perspiciatis. Accusamus voluptate sapiente at libero ut incidunt doloribus. Quidem sapiente nam animi et quae.', '1991-02-04 20:11:48', '1975-02-27 00:27:06');
INSERT INTO `bookmarks` (`id`, `add_user_id`, `name`, `body`, `created_at`, `update_at`) VALUES ('8', '109', 'culpa', 'Laborum provident est dolorem iste. Est consequuntur expedita et nesciunt velit sapiente. Numquam tenetur enim accusamus necessitatibus illo. Eos nemo autem ut earum libero qui est tempore.', '1998-06-20 23:01:56', '1976-02-09 19:27:16');
INSERT INTO `bookmarks` (`id`, `add_user_id`, `name`, `body`, `created_at`, `update_at`) VALUES ('9', '110', 'iure', 'Pariatur voluptas similique est sunt corporis. Quo et facere doloribus expedita et recusandae voluptate. Quis itaque quasi rerum error non ipsum officia.', '1974-12-25 22:48:00', '2014-08-16 06:36:30');
INSERT INTO `bookmarks` (`id`, `add_user_id`, `name`, `body`, `created_at`, `update_at`) VALUES ('10', '113', 'aut', 'Vero ex deleniti dicta natus commodi qui sed. Labore illo quidem est placeat impedit. Voluptas est ex eos ratione nihil.', '2014-04-07 23:19:00', '1976-09-04 20:22:57');
INSERT INTO `bookmarks` (`id`, `add_user_id`, `name`, `body`, `created_at`, `update_at`) VALUES ('11', '115', 'voluptate', 'Veniam harum ab quasi omnis. Cum quisquam voluptates hic facilis amet. Quia excepturi repellat placeat et nihil. Modi iure placeat nemo soluta qui tempora laudantium.', '1983-03-26 16:31:26', '1979-06-01 01:36:45');
INSERT INTO `bookmarks` (`id`, `add_user_id`, `name`, `body`, `created_at`, `update_at`) VALUES ('12', '116', 'amet', 'Id et eum corrupti magnam id. Itaque a repudiandae minima quia quidem ea. Deleniti dolorum similique maxime et. Facere voluptatem dolorem quam dolorum enim itaque nihil.', '1984-01-19 02:01:56', '1973-04-10 01:19:36');
INSERT INTO `bookmarks` (`id`, `add_user_id`, `name`, `body`, `created_at`, `update_at`) VALUES ('13', '120', 'molestiae', 'Illo deserunt quo ex dolores voluptatibus fugiat repudiandae. Recusandae sequi fugiat repellat quod facere quidem cupiditate. Atque cumque quas excepturi molestiae aut.', '1983-04-22 08:34:41', '2000-09-12 11:03:33');
INSERT INTO `bookmarks` (`id`, `add_user_id`, `name`, `body`, `created_at`, `update_at`) VALUES ('14', '121', 'voluptatem', 'Consectetur culpa rem non maxime harum quidem voluptate ipsa. At qui sint et rerum ut. Voluptatum repellat libero nesciunt dolores soluta eum expedita.', '1991-11-30 04:02:16', '1995-01-18 11:58:06');
INSERT INTO `bookmarks` (`id`, `add_user_id`, `name`, `body`, `created_at`, `update_at`) VALUES ('15', '122', 'est', 'Pariatur laudantium beatae ducimus culpa. Ut velit deleniti exercitationem nostrum eos quod repellendus voluptas.', '1972-10-03 23:56:29', '2011-06-06 19:25:29');
INSERT INTO `bookmarks` (`id`, `add_user_id`, `name`, `body`, `created_at`, `update_at`) VALUES ('16', '123', 'rerum', 'Ut cumque et vel iusto. Minus eum consequatur delectus officia accusamus sint. Debitis ab et quia. Sint doloremque illum voluptatem dolorum explicabo.', '1984-10-02 23:48:40', '1999-09-11 06:45:35');
INSERT INTO `bookmarks` (`id`, `add_user_id`, `name`, `body`, `created_at`, `update_at`) VALUES ('17', '124', 'ducimus', 'Placeat veniam quaerat vel consequuntur corporis. Enim praesentium sit officiis velit soluta. Nesciunt incidunt voluptatem ratione totam corrupti voluptatum aut.', '1992-11-16 01:31:03', '2008-06-26 14:38:45');
INSERT INTO `bookmarks` (`id`, `add_user_id`, `name`, `body`, `created_at`, `update_at`) VALUES ('18', '128', 'enim', 'Natus non debitis officia mollitia dolores. Laborum mollitia aut sed veniam aut qui. Odio ut voluptas repellendus beatae eos expedita.', '2018-04-19 21:55:50', '1980-04-04 21:39:10');
INSERT INTO `bookmarks` (`id`, `add_user_id`, `name`, `body`, `created_at`, `update_at`) VALUES ('19', '131', 'voluptates', 'Mollitia non maiores nisi nisi qui. Eius et eaque a tempore. Est et voluptatem sunt est. Autem ex natus qui quas aliquam non sed.', '1986-03-31 07:23:08', '1993-04-30 08:05:34');
INSERT INTO `bookmarks` (`id`, `add_user_id`, `name`, `body`, `created_at`, `update_at`) VALUES ('20', '134', 'impedit', 'Laboriosam inventore iusto eaque dolores ipsum iste error expedita. Vero sit distinctio quis nobis. Repellat nihil fuga quae minus voluptatem alias. Illo et voluptatum officiis est. Officiis accusamus velit ipsa mollitia est ut quia minus.', '1992-12-27 02:08:36', '1980-05-01 13:59:22');
INSERT INTO `bookmarks` (`id`, `add_user_id`, `name`, `body`, `created_at`, `update_at`) VALUES ('21', '136', 'et', 'Sunt sint rerum sapiente debitis provident quia. Quo est ut dolores repellat est veniam. Quibusdam harum omnis sunt recusandae. Repellat et amet aspernatur officia fugit iusto.', '1997-05-08 16:24:13', '1990-04-25 20:49:09');
INSERT INTO `bookmarks` (`id`, `add_user_id`, `name`, `body`, `created_at`, `update_at`) VALUES ('22', '137', 'eaque', 'Accusantium et et voluptatibus consequatur. Enim et voluptas quam voluptatem. Minus id iste est ut esse. Adipisci dolores iusto porro.', '2009-01-13 18:55:35', '1984-07-26 10:16:02');
INSERT INTO `bookmarks` (`id`, `add_user_id`, `name`, `body`, `created_at`, `update_at`) VALUES ('23', '139', 'accusantium', 'Tenetur molestias harum sapiente id magnam. Aut sed eaque velit ullam molestiae quas qui. Consequatur dolores occaecati voluptate aut assumenda commodi. Ea eveniet voluptatem ut voluptas. Rerum labore est ipsa quia rerum.', '1996-01-17 18:06:32', '2015-07-25 18:48:56');
INSERT INTO `bookmarks` (`id`, `add_user_id`, `name`, `body`, `created_at`, `update_at`) VALUES ('24', '142', 'est', 'Molestias voluptates non accusantium molestiae sunt repellat est. Repellendus nihil maxime qui omnis. Voluptas dicta consequatur temporibus quis voluptates ex. Dolores optio consequatur eos itaque et.', '1976-05-05 18:45:57', '1974-01-21 14:21:53');
INSERT INTO `bookmarks` (`id`, `add_user_id`, `name`, `body`, `created_at`, `update_at`) VALUES ('25', '146', 'vero', 'Qui iste fuga et voluptatem omnis consequatur dolores aliquam. Qui quidem nostrum labore aut esse. Voluptatem voluptate molestiae reprehenderit error.', '2020-01-28 19:23:10', '1977-11-02 19:19:47');
INSERT INTO `bookmarks` (`id`, `add_user_id`, `name`, `body`, `created_at`, `update_at`) VALUES ('26', '150', 'doloremque', 'Non architecto iure optio laboriosam neque assumenda. Libero enim corrupti est est repudiandae ipsum. Voluptatibus consequatur assumenda nulla dolor.', '2007-09-10 11:49:24', '1977-01-12 06:34:00');
INSERT INTO `bookmarks` (`id`, `add_user_id`, `name`, `body`, `created_at`, `update_at`) VALUES ('27', '152', 'alias', 'Ipsa architecto ut dolorum culpa voluptatibus. Deserunt et quasi totam ut. Aperiam quae aut molestiae sed in qui totam. Necessitatibus reiciendis ut ea dignissimos natus non quas magnam.', '1992-02-15 18:11:33', '1971-05-22 07:18:06');
INSERT INTO `bookmarks` (`id`, `add_user_id`, `name`, `body`, `created_at`, `update_at`) VALUES ('28', '154', 'hic', 'Vitae placeat non rerum rerum. Accusamus quo atque ab consequatur distinctio voluptas. Veniam magnam quis molestiae quas temporibus sequi quibusdam iusto. Esse veritatis illo aperiam sit at non iure.', '1971-09-30 10:09:25', '2011-09-12 12:16:16');
INSERT INTO `bookmarks` (`id`, `add_user_id`, `name`, `body`, `created_at`, `update_at`) VALUES ('29', '155', 'autem', 'Et quaerat quis officia placeat. Eum hic aut rerum maxime praesentium voluptatibus. Qui quasi facere autem repudiandae sit est.', '1990-02-03 16:25:52', '1995-06-02 03:48:27');
INSERT INTO `bookmarks` (`id`, `add_user_id`, `name`, `body`, `created_at`, `update_at`) VALUES ('30', '156', 'aliquam', 'Libero repudiandae qui reprehenderit. Quae amet architecto perferendis labore animi. Eum esse vitae exercitationem tempore et aut. Voluptatem ullam ut magni impedit.', '1990-09-20 21:31:14', '1974-04-28 12:10:05');
INSERT INTO `bookmarks` (`id`, `add_user_id`, `name`, `body`, `created_at`, `update_at`) VALUES ('31', '157', 'fugiat', 'Nemo natus debitis debitis fugit voluptatem quas totam explicabo. Adipisci numquam officiis consequuntur ut veniam eum. Aut consequatur consequatur optio est quia sit eum. Ut et quis est voluptatem reiciendis.', '1986-07-14 14:38:24', '2017-11-15 05:23:31');
INSERT INTO `bookmarks` (`id`, `add_user_id`, `name`, `body`, `created_at`, `update_at`) VALUES ('32', '158', 'voluptates', 'Voluptatum blanditiis rerum maiores fugit asperiores. Sint iure est cum nulla eaque. Vero sed quis quas laborum omnis eius.', '1998-05-07 13:03:37', '1973-05-18 02:04:32');
INSERT INTO `bookmarks` (`id`, `add_user_id`, `name`, `body`, `created_at`, `update_at`) VALUES ('33', '163', 'nisi', 'Consequatur alias mollitia odio nulla. Tempore qui asperiores sed mollitia dolorem aut et et. Non dolore rerum voluptas commodi. Dolorem ex eius adipisci est velit.', '2013-05-07 23:36:52', '1998-10-10 12:45:12');
INSERT INTO `bookmarks` (`id`, `add_user_id`, `name`, `body`, `created_at`, `update_at`) VALUES ('34', '164', 'autem', 'In vel dolorem voluptatem et dolorum ut. Voluptate expedita vel voluptatibus sint amet.', '2009-03-08 16:29:43', '1983-08-08 01:46:38');
INSERT INTO `bookmarks` (`id`, `add_user_id`, `name`, `body`, `created_at`, `update_at`) VALUES ('35', '166', 'quia', 'Quidem consequatur ex dolorem eligendi dolore ea eveniet. Qui id ut aut ducimus et voluptas quis. Neque sit asperiores fugiat harum voluptas.', '1974-04-04 04:14:31', '2013-04-13 03:45:53');
INSERT INTO `bookmarks` (`id`, `add_user_id`, `name`, `body`, `created_at`, `update_at`) VALUES ('36', '167', 'tenetur', 'Quas quae quas quod aspernatur. Ut minus eum voluptatem velit qui. Inventore accusamus et autem quia.', '2002-09-05 02:30:47', '1994-07-12 11:15:38');
INSERT INTO `bookmarks` (`id`, `add_user_id`, `name`, `body`, `created_at`, `update_at`) VALUES ('37', '169', 'quo', 'Voluptatem qui et velit minus enim maiores. Qui expedita quaerat est aliquam. Eligendi voluptatem eius et. Eum nihil consectetur ut vel pariatur quae.', '1976-10-03 18:51:03', '1983-01-19 16:41:02');
INSERT INTO `bookmarks` (`id`, `add_user_id`, `name`, `body`, `created_at`, `update_at`) VALUES ('38', '170', 'dolorum', 'Neque dolorem quidem consequatur explicabo. Delectus officia molestias atque nam aspernatur dolore velit. Labore sapiente est laudantium natus corporis. Ducimus sunt vel magnam numquam ea ea distinctio.', '2001-05-01 01:47:39', '1986-04-02 11:13:16');
INSERT INTO `bookmarks` (`id`, `add_user_id`, `name`, `body`, `created_at`, `update_at`) VALUES ('39', '175', 'unde', 'Eos doloribus rem temporibus ut. Numquam et et quis ut et. Rerum exercitationem eos officia maxime molestiae.', '1971-06-10 23:56:43', '2007-02-11 23:20:30');
INSERT INTO `bookmarks` (`id`, `add_user_id`, `name`, `body`, `created_at`, `update_at`) VALUES ('40', '176', 'rem', 'Consequatur fugit impedit nam. Minima soluta deserunt fugiat nesciunt. Omnis est quia ducimus. Qui consequuntur eum non libero quo alias.', '1994-08-25 05:36:35', '1991-08-29 11:46:32');
INSERT INTO `bookmarks` (`id`, `add_user_id`, `name`, `body`, `created_at`, `update_at`) VALUES ('41', '177', 'hic', 'Dolores maxime assumenda eos corporis quo voluptatum. Cum commodi quam et quisquam suscipit sed natus. Illo sit adipisci commodi sapiente et culpa.', '1977-01-22 14:43:30', '1972-04-26 14:28:11');
INSERT INTO `bookmarks` (`id`, `add_user_id`, `name`, `body`, `created_at`, `update_at`) VALUES ('42', '180', 'qui', 'Quia molestiae et magni nulla reprehenderit. Ex nobis dolorum necessitatibus at. Rerum sequi qui doloremque vel iusto. Minus reiciendis enim minima totam magnam aspernatur vitae.', '2018-01-31 02:17:25', '2021-12-08 10:42:02');
INSERT INTO `bookmarks` (`id`, `add_user_id`, `name`, `body`, `created_at`, `update_at`) VALUES ('43', '181', 'omnis', 'Eum reprehenderit vel sunt nisi dolor hic. Doloribus earum optio impedit voluptas.', '1972-11-02 15:40:22', '2018-04-09 05:46:40');
INSERT INTO `bookmarks` (`id`, `add_user_id`, `name`, `body`, `created_at`, `update_at`) VALUES ('44', '185', 'quis', 'Facilis quis ab ad sed. Omnis nulla exercitationem totam. Maxime tempora placeat sapiente fugiat eos molestias. Est adipisci cum et ab necessitatibus. Autem unde dolores vero harum officia quia autem.', '2009-05-29 16:17:46', '1975-04-07 04:50:48');
INSERT INTO `bookmarks` (`id`, `add_user_id`, `name`, `body`, `created_at`, `update_at`) VALUES ('45', '186', 'fuga', 'Similique neque soluta qui. Labore sequi eos suscipit consequatur odit non a.', '2000-04-24 02:59:40', '1981-10-12 05:32:18');
INSERT INTO `bookmarks` (`id`, `add_user_id`, `name`, `body`, `created_at`, `update_at`) VALUES ('46', '188', 'odit', 'Temporibus animi quo id eveniet consequuntur consectetur. Rerum voluptatem minus rem et.', '1983-03-17 00:00:36', '2006-06-12 05:44:49');
INSERT INTO `bookmarks` (`id`, `add_user_id`, `name`, `body`, `created_at`, `update_at`) VALUES ('47', '191', 'tenetur', 'Sed enim laboriosam velit voluptatibus qui et. Sed et placeat soluta sit enim non dolorem. Aut tenetur facilis velit minus corporis.', '1982-07-03 09:42:35', '1978-09-09 13:29:28');
INSERT INTO `bookmarks` (`id`, `add_user_id`, `name`, `body`, `created_at`, `update_at`) VALUES ('48', '194', 'dolore', 'Dignissimos quos sed non debitis consequatur ipsam. Molestiae aut officia fugit. Error necessitatibus dignissimos aliquam alias tempora optio quia omnis. Ducimus vel tempore consequuntur veniam sunt.', '2016-11-29 08:34:15', '1974-11-15 04:55:35');
INSERT INTO `bookmarks` (`id`, `add_user_id`, `name`, `body`, `created_at`, `update_at`) VALUES ('49', '195', 'sequi', 'Assumenda totam possimus quibusdam qui recusandae a porro ex. Cupiditate excepturi autem quia. Dolores voluptatem a odit quidem. A consectetur numquam repellendus doloremque aspernatur ut.', '1995-11-14 19:59:06', '1994-08-24 03:44:37');
INSERT INTO `bookmarks` (`id`, `add_user_id`, `name`, `body`, `created_at`, `update_at`) VALUES ('50', '196', 'est', 'Ipsum eum iusto quo dicta. Qui voluptatem neque recusandae sint vel dolorem blanditiis. Inventore ut libero ipsam. Eum ut quia consequatur quaerat qui quidem explicabo qui.', '2018-05-20 02:48:56', '1992-06-06 15:57:58');
INSERT INTO `bookmarks` (`id`, `add_user_id`, `name`, `body`, `created_at`, `update_at`) VALUES ('51', '199', 'dolor', 'Aut fugit sed beatae excepturi facilis dolorum reprehenderit. Harum nihil voluptatem aliquid odio eaque ab sed voluptas. Consectetur voluptatem error magnam dolor. Enim autem quam et et iure.', '1991-01-16 02:23:16', '2019-03-07 10:47:16');
INSERT INTO `bookmarks` (`id`, `add_user_id`, `name`, `body`, `created_at`, `update_at`) VALUES ('52', '101', 'maiores', 'Animi eveniet quisquam quia cupiditate distinctio. Deserunt dolores reprehenderit consectetur sequi quis. Ut placeat aut nulla architecto et tempore. Sequi quidem nulla accusamus rerum sint. Quod cum aliquam tempora voluptate sit perspiciatis.', '2005-08-20 17:49:45', '1982-07-14 11:47:10');
INSERT INTO `bookmarks` (`id`, `add_user_id`, `name`, `body`, `created_at`, `update_at`) VALUES ('53', '102', 'quo', 'Voluptate incidunt praesentium ipsam ipsam et. Dolorem soluta odio est consequatur. Fugit quia illum aut quia aut dolorem nihil. Unde laudantium quo nam corrupti sint laboriosam voluptas.', '2003-08-13 08:06:15', '2001-03-12 02:00:52');
INSERT INTO `bookmarks` (`id`, `add_user_id`, `name`, `body`, `created_at`, `update_at`) VALUES ('54', '103', 'possimus', 'Id tempora cumque laudantium eum beatae officia explicabo. Molestiae et repudiandae id praesentium. Libero fugit ut accusantium. Perferendis rerum omnis est exercitationem quia.', '1982-11-10 09:31:15', '2006-11-30 15:22:22');
INSERT INTO `bookmarks` (`id`, `add_user_id`, `name`, `body`, `created_at`, `update_at`) VALUES ('55', '104', 'qui', 'Nam perspiciatis provident id et voluptas ut. Vel et corporis velit illum.', '2016-09-01 22:58:31', '2020-02-05 09:59:30');
INSERT INTO `bookmarks` (`id`, `add_user_id`, `name`, `body`, `created_at`, `update_at`) VALUES ('56', '105', 'dolorum', 'Rerum totam placeat ipsam temporibus et exercitationem veniam. Consectetur amet nulla maiores. Praesentium voluptatem qui quas animi eum ut.', '2020-02-18 14:58:49', '2005-09-21 05:56:27');
INSERT INTO `bookmarks` (`id`, `add_user_id`, `name`, `body`, `created_at`, `update_at`) VALUES ('57', '107', 'ex', 'Et corrupti explicabo dolores quaerat inventore quidem quia. Sed sunt et dolorem voluptatibus. Nulla corrupti error voluptate itaque molestiae. Doloremque voluptas rerum dicta qui dolorum atque repellendus.', '1992-08-24 08:25:02', '1973-09-12 04:08:57');
INSERT INTO `bookmarks` (`id`, `add_user_id`, `name`, `body`, `created_at`, `update_at`) VALUES ('58', '108', 'qui', 'Temporibus libero rerum hic explicabo aspernatur quos. Veritatis delectus repellat ratione numquam quo ullam. Ut fuga sed adipisci voluptatibus illo.', '2000-11-06 04:53:40', '2020-06-22 04:16:11');
INSERT INTO `bookmarks` (`id`, `add_user_id`, `name`, `body`, `created_at`, `update_at`) VALUES ('59', '109', 'ea', 'Saepe maxime officiis et fugiat velit expedita qui. Voluptatum omnis ipsum quisquam eos explicabo exercitationem dolorem. Autem perferendis repellendus occaecati possimus quis. Dolorum voluptas explicabo cumque modi rem aperiam aut.', '2004-07-31 00:52:05', '2018-03-05 03:32:29');
INSERT INTO `bookmarks` (`id`, `add_user_id`, `name`, `body`, `created_at`, `update_at`) VALUES ('60', '110', 'enim', 'Dicta et necessitatibus autem veniam ratione. Quia ut aut quia optio omnis. Et et amet rem quo. Et et fuga repudiandae nobis amet repellat odio.', '1974-05-09 11:52:15', '1989-08-02 16:45:35');
INSERT INTO `bookmarks` (`id`, `add_user_id`, `name`, `body`, `created_at`, `update_at`) VALUES ('61', '113', 'saepe', 'Deleniti alias quisquam id ea sapiente ut. Quidem repudiandae consectetur enim voluptas molestias voluptas voluptatem. Tempore sed ut cumque veritatis vel cupiditate vel.', '1984-12-18 18:12:30', '1994-09-14 05:43:05');
INSERT INTO `bookmarks` (`id`, `add_user_id`, `name`, `body`, `created_at`, `update_at`) VALUES ('62', '115', 'ex', 'Beatae ex id atque omnis dignissimos aut saepe reiciendis. Quas doloribus illo sed deserunt. Ut commodi corporis aut aliquid. Recusandae repellat facilis aut enim repellendus inventore.', '2000-09-22 07:46:58', '1991-08-11 01:13:45');
INSERT INTO `bookmarks` (`id`, `add_user_id`, `name`, `body`, `created_at`, `update_at`) VALUES ('63', '116', 'similique', 'Esse non nihil sint. Dicta expedita blanditiis aut consequatur pariatur occaecati. Modi voluptatum et eligendi rerum odit omnis minima.', '2017-11-04 21:42:08', '1988-10-06 16:37:10');
INSERT INTO `bookmarks` (`id`, `add_user_id`, `name`, `body`, `created_at`, `update_at`) VALUES ('64', '120', 'placeat', 'Doloremque ut et amet illum. Placeat quasi sed asperiores consequuntur ut deserunt a modi. Corrupti tempora non sit aut nemo facere tempore.', '2020-12-01 07:47:23', '2004-12-19 12:37:41');
INSERT INTO `bookmarks` (`id`, `add_user_id`, `name`, `body`, `created_at`, `update_at`) VALUES ('65', '121', 'laudantium', 'Libero animi voluptas beatae. Et at sed tempora nihil eaque. Tempore est porro provident sequi voluptatem totam.', '1984-03-11 18:53:12', '2014-01-29 09:35:33');
INSERT INTO `bookmarks` (`id`, `add_user_id`, `name`, `body`, `created_at`, `update_at`) VALUES ('66', '122', 'impedit', 'Animi et laborum voluptatem necessitatibus perferendis itaque. Nostrum sint odit ipsa ipsa aliquam ab vel. Unde numquam odit animi ea quaerat quae et harum. Totam et ut repellendus ab ut numquam.', '1984-02-08 02:38:36', '1995-02-07 18:18:54');
INSERT INTO `bookmarks` (`id`, `add_user_id`, `name`, `body`, `created_at`, `update_at`) VALUES ('67', '123', 'sed', 'Illo enim labore facilis recusandae qui beatae. Laborum explicabo ullam rerum maiores saepe omnis.', '1988-07-10 15:28:37', '1997-10-07 03:45:34');
INSERT INTO `bookmarks` (`id`, `add_user_id`, `name`, `body`, `created_at`, `update_at`) VALUES ('68', '124', 'nobis', 'Fugit nulla molestiae facilis dolorem ut tenetur. Consequatur aut quisquam autem ea. Commodi repudiandae excepturi ut ea aut aut eum.', '1985-04-06 22:53:19', '1987-09-06 07:41:23');
INSERT INTO `bookmarks` (`id`, `add_user_id`, `name`, `body`, `created_at`, `update_at`) VALUES ('69', '128', 'nisi', 'Voluptatem aut quidem amet reiciendis tempora. Incidunt in reprehenderit est et consequatur reprehenderit. Sed eos necessitatibus est unde. Cupiditate architecto facere atque delectus et optio ut. Voluptatem quod quaerat itaque non earum.', '2004-11-10 02:11:51', '2020-05-08 15:21:22');
INSERT INTO `bookmarks` (`id`, `add_user_id`, `name`, `body`, `created_at`, `update_at`) VALUES ('70', '131', 'voluptas', 'Voluptas pariatur eos qui recusandae iure. Eos praesentium vel omnis hic aut et voluptate unde. Vero voluptas alias perspiciatis architecto.', '1974-08-07 06:19:31', '1977-01-24 11:16:36');
INSERT INTO `bookmarks` (`id`, `add_user_id`, `name`, `body`, `created_at`, `update_at`) VALUES ('71', '134', 'odit', 'Sapiente dolorem eum totam beatae soluta dolor. Qui sapiente quam fuga voluptates aut id aut. Nihil ducimus fugit nihil nobis reprehenderit.', '2020-10-19 15:05:07', '2006-01-16 13:06:09');
INSERT INTO `bookmarks` (`id`, `add_user_id`, `name`, `body`, `created_at`, `update_at`) VALUES ('72', '136', 'at', 'Qui quasi et nemo voluptatem. Facilis illum reiciendis vero ea magni aut. Libero vel animi est et unde excepturi quo. Impedit ut harum unde tempore incidunt.', '1993-05-05 03:05:18', '2019-10-14 23:01:19');
INSERT INTO `bookmarks` (`id`, `add_user_id`, `name`, `body`, `created_at`, `update_at`) VALUES ('73', '137', 'molestiae', 'Exercitationem facilis est et debitis. Voluptatibus enim praesentium ut labore natus. Nihil enim dolore quia possimus voluptate.', '1974-06-26 22:39:09', '1989-10-19 04:10:49');
INSERT INTO `bookmarks` (`id`, `add_user_id`, `name`, `body`, `created_at`, `update_at`) VALUES ('74', '139', 'et', 'Delectus illo eius neque ducimus itaque illo in. Est doloremque pariatur natus eveniet soluta eveniet odit. Natus eum et qui voluptas.', '2004-08-14 02:19:10', '1981-07-14 09:14:03');
INSERT INTO `bookmarks` (`id`, `add_user_id`, `name`, `body`, `created_at`, `update_at`) VALUES ('75', '142', 'suscipit', 'Ut repellat quia animi laboriosam. Quo est fuga quia autem. Rerum qui necessitatibus voluptatem est laudantium voluptatem dolorem.', '1974-09-26 03:49:31', '2016-09-24 12:04:58');
INSERT INTO `bookmarks` (`id`, `add_user_id`, `name`, `body`, `created_at`, `update_at`) VALUES ('76', '146', 'nobis', 'Officia quos aliquid accusamus repudiandae voluptatem. Soluta qui quo quam a. Rerum cupiditate quo laborum et.', '2006-03-05 10:16:00', '2005-07-28 04:16:19');
INSERT INTO `bookmarks` (`id`, `add_user_id`, `name`, `body`, `created_at`, `update_at`) VALUES ('77', '150', 'placeat', 'Unde laboriosam aut et. Molestias est optio provident modi velit in. Ea pariatur perspiciatis nesciunt quisquam et id possimus excepturi. Libero impedit omnis esse quis nemo non.', '2017-05-29 18:08:39', '1975-01-30 21:30:48');
INSERT INTO `bookmarks` (`id`, `add_user_id`, `name`, `body`, `created_at`, `update_at`) VALUES ('78', '152', 'dolore', 'Numquam qui nihil dolores dolores debitis et. Aperiam sint molestiae exercitationem corrupti officia aut. Commodi quam eum molestiae enim et non repellendus. Aliquid ut quisquam facere. Sit consequatur autem ut.', '2006-08-23 08:48:10', '2020-11-03 13:45:31');
INSERT INTO `bookmarks` (`id`, `add_user_id`, `name`, `body`, `created_at`, `update_at`) VALUES ('79', '154', 'omnis', 'Sit neque quia optio alias nisi qui. Qui ducimus voluptatem aut. Repellendus voluptatibus est quasi exercitationem.', '1975-08-22 16:08:01', '1987-01-07 12:01:28');
INSERT INTO `bookmarks` (`id`, `add_user_id`, `name`, `body`, `created_at`, `update_at`) VALUES ('80', '155', 'aut', 'Quo facere aut vitae sunt et. Voluptatibus voluptas nulla rerum ad fuga voluptatem commodi enim. Deleniti autem repellendus temporibus beatae. Magnam quasi eveniet earum deserunt aut.', '1997-06-01 13:07:07', '1970-11-20 11:23:45');
INSERT INTO `bookmarks` (`id`, `add_user_id`, `name`, `body`, `created_at`, `update_at`) VALUES ('81', '156', 'cumque', 'Soluta debitis quia cupiditate exercitationem porro. Quis quia aspernatur eum ducimus. Officiis velit eos magni hic magni. Corporis est iure molestias.', '2003-08-22 22:39:06', '1980-03-22 14:10:54');
INSERT INTO `bookmarks` (`id`, `add_user_id`, `name`, `body`, `created_at`, `update_at`) VALUES ('82', '157', 'quia', 'Porro et laboriosam pariatur rerum et ratione at. Repudiandae ab maxime et ipsa doloremque. Optio ut inventore ipsam sit blanditiis.', '1992-12-07 12:27:57', '1975-02-25 15:49:51');
INSERT INTO `bookmarks` (`id`, `add_user_id`, `name`, `body`, `created_at`, `update_at`) VALUES ('83', '158', 'sint', 'Earum magni tenetur eligendi corrupti. In veniam omnis sapiente voluptas voluptatibus vel quae. Quam nesciunt quis odit occaecati. Facere qui asperiores similique rerum dolores. Ratione deleniti nisi laborum ea.', '2013-08-14 06:13:53', '1991-09-21 11:16:24');
INSERT INTO `bookmarks` (`id`, `add_user_id`, `name`, `body`, `created_at`, `update_at`) VALUES ('84', '163', 'illo', 'Assumenda aut nulla eius qui ut nihil. Magni quos non itaque consequatur. Impedit modi dicta inventore tenetur nemo illo omnis. Aut eum omnis odit.', '1992-04-07 20:19:32', '2005-10-23 06:24:04');
INSERT INTO `bookmarks` (`id`, `add_user_id`, `name`, `body`, `created_at`, `update_at`) VALUES ('85', '164', 'dolore', 'Quia laudantium modi repellat et quia dolorem voluptates. Hic qui nesciunt accusamus tenetur. Ad non eos est placeat libero maxime voluptatem. Voluptatem itaque amet officiis nulla ad.', '1982-04-04 05:28:37', '1992-07-21 17:09:44');
INSERT INTO `bookmarks` (`id`, `add_user_id`, `name`, `body`, `created_at`, `update_at`) VALUES ('86', '166', 'autem', 'At ab recusandae dolores blanditiis quia eligendi dolore neque. Porro est molestias sint velit necessitatibus quo. Deleniti minus voluptatem sit animi quod autem quo. Ducimus sed aut ipsam.', '1976-12-18 00:27:55', '2002-09-11 13:25:16');
INSERT INTO `bookmarks` (`id`, `add_user_id`, `name`, `body`, `created_at`, `update_at`) VALUES ('87', '167', 'aliquid', 'Modi explicabo repellat eaque quia ullam quasi. Sint recusandae voluptas enim. Ducimus possimus aliquid rerum adipisci accusamus assumenda asperiores. Ut similique et libero consequatur.', '1980-03-30 11:56:35', '1994-11-25 16:30:14');
INSERT INTO `bookmarks` (`id`, `add_user_id`, `name`, `body`, `created_at`, `update_at`) VALUES ('88', '169', 'et', 'At expedita voluptatum nemo atque fugiat ea. Error repellendus necessitatibus soluta aspernatur omnis cupiditate. Quis a quas sed dicta ipsum. Magnam vel occaecati nemo et saepe soluta ipsum. Ullam dolores pariatur et et et accusamus beatae.', '2001-09-23 03:15:38', '1973-11-30 02:55:27');
INSERT INTO `bookmarks` (`id`, `add_user_id`, `name`, `body`, `created_at`, `update_at`) VALUES ('89', '170', 'amet', 'Nemo tenetur molestiae aut. Consequatur molestias cumque officiis quas. Est suscipit autem officia at quia quas dolorum.', '2008-11-19 12:52:45', '2006-12-07 23:10:54');
INSERT INTO `bookmarks` (`id`, `add_user_id`, `name`, `body`, `created_at`, `update_at`) VALUES ('90', '175', 'deleniti', 'Minus quas illo unde. Perspiciatis et dolor suscipit nesciunt illo vitae et quia. Aut nisi ut corporis consequuntur magnam ut quis.', '2002-08-23 18:09:31', '1983-11-20 05:21:44');
INSERT INTO `bookmarks` (`id`, `add_user_id`, `name`, `body`, `created_at`, `update_at`) VALUES ('91', '176', 'quasi', 'Et sit ex dolores delectus. Velit aut neque sit cum incidunt explicabo. Voluptatem perspiciatis explicabo quod sed veritatis. Quia ut animi explicabo est ut dolor aut. Expedita ab velit aspernatur.', '1999-07-18 13:11:50', '1985-02-14 15:18:21');
INSERT INTO `bookmarks` (`id`, `add_user_id`, `name`, `body`, `created_at`, `update_at`) VALUES ('92', '177', 'ut', 'Neque nobis reiciendis est rerum inventore molestiae eum. Explicabo itaque rerum recusandae. Facilis quasi velit delectus cumque. Sit quia tenetur praesentium officia facere delectus.', '2020-03-12 11:38:27', '1973-12-03 09:00:02');
INSERT INTO `bookmarks` (`id`, `add_user_id`, `name`, `body`, `created_at`, `update_at`) VALUES ('93', '180', 'rerum', 'Doloribus consequatur omnis similique aperiam. Enim voluptatem ut et similique. Reprehenderit magnam eveniet iste eos voluptatem eius ut placeat. Omnis rerum rerum sequi earum perferendis et. Fugiat voluptatem eos laboriosam quia rerum est sequi.', '1989-04-17 04:09:18', '2011-01-12 18:57:06');
INSERT INTO `bookmarks` (`id`, `add_user_id`, `name`, `body`, `created_at`, `update_at`) VALUES ('94', '181', 'et', 'Deserunt repellendus repellendus quisquam aspernatur deleniti harum esse beatae. Voluptatibus omnis molestiae incidunt.', '2007-10-31 00:22:18', '1994-08-21 21:28:35');
INSERT INTO `bookmarks` (`id`, `add_user_id`, `name`, `body`, `created_at`, `update_at`) VALUES ('95', '185', 'iste', 'Ducimus alias aut officiis quas. Enim similique nisi officiis quia velit laborum. Facere qui omnis ipsam atque qui. Aspernatur aliquam cumque repellat dolorum occaecati et eum. Odit nihil qui neque quo.', '1988-06-01 16:53:36', '1971-08-27 09:56:08');
INSERT INTO `bookmarks` (`id`, `add_user_id`, `name`, `body`, `created_at`, `update_at`) VALUES ('96', '186', 'culpa', 'Vero ea et voluptates cumque minus et. Ex et consequuntur tempora temporibus. Dicta voluptas voluptatem debitis consequatur.', '1983-04-30 04:01:39', '1983-10-16 09:35:16');
INSERT INTO `bookmarks` (`id`, `add_user_id`, `name`, `body`, `created_at`, `update_at`) VALUES ('97', '188', 'praesentium', 'Dolorum tenetur corrupti quidem animi voluptates assumenda mollitia cumque. Voluptate hic commodi exercitationem aliquam ducimus sint. Est molestiae earum ut earum et dolor.', '1993-05-06 06:00:43', '1985-03-26 02:34:12');
INSERT INTO `bookmarks` (`id`, `add_user_id`, `name`, `body`, `created_at`, `update_at`) VALUES ('98', '191', 'modi', 'Corporis nihil reiciendis autem ut dolores et a. Sit expedita dignissimos incidunt ea animi aliquam. Cumque debitis totam aut minima distinctio recusandae.', '2001-08-21 20:14:41', '2009-09-07 22:55:06');
INSERT INTO `bookmarks` (`id`, `add_user_id`, `name`, `body`, `created_at`, `update_at`) VALUES ('99', '194', 'molestiae', 'Consequatur sit vitae amet. Deserunt similique dicta asperiores aliquam impedit quae officia. Occaecati enim voluptas alias quam dolorum in et. Qui voluptates animi sit placeat autem aut sunt. Fugiat voluptas et excepturi illo dolorem sunt consequatur.', '1971-09-24 08:17:17', '1984-03-15 22:13:31');
INSERT INTO `bookmarks` (`id`, `add_user_id`, `name`, `body`, `created_at`, `update_at`) VALUES ('100', '195', 'architecto', 'Eligendi necessitatibus consequatur itaque et quas suscipit ea. Aliquid sunt perferendis dolores magni aut vel occaecati.', '1982-01-15 03:43:35', '2011-06-07 14:35:18');


#
# TABLE STRUCTURE FOR: communities
#

INSERT INTO `communities` (`id`, `name`, `admin_user_id`) VALUES ('1', 'sed', '101');
INSERT INTO `communities` (`id`, `name`, `admin_user_id`) VALUES ('2', 'qui', '102');
INSERT INTO `communities` (`id`, `name`, `admin_user_id`) VALUES ('3', 'delectus', '103');
INSERT INTO `communities` (`id`, `name`, `admin_user_id`) VALUES ('4', 'et', '104');
INSERT INTO `communities` (`id`, `name`, `admin_user_id`) VALUES ('5', 'quia', '105');
INSERT INTO `communities` (`id`, `name`, `admin_user_id`) VALUES ('6', 'delectus', '107');
INSERT INTO `communities` (`id`, `name`, `admin_user_id`) VALUES ('7', 'quaerat', '108');
INSERT INTO `communities` (`id`, `name`, `admin_user_id`) VALUES ('8', 'eum', '109');
INSERT INTO `communities` (`id`, `name`, `admin_user_id`) VALUES ('9', 'in', '110');
INSERT INTO `communities` (`id`, `name`, `admin_user_id`) VALUES ('10', 'ullam', '113');
INSERT INTO `communities` (`id`, `name`, `admin_user_id`) VALUES ('11', 'omnis', '115');
INSERT INTO `communities` (`id`, `name`, `admin_user_id`) VALUES ('12', 'dolorem', '116');
INSERT INTO `communities` (`id`, `name`, `admin_user_id`) VALUES ('13', 'dolorem', '120');
INSERT INTO `communities` (`id`, `name`, `admin_user_id`) VALUES ('14', 'vero', '121');
INSERT INTO `communities` (`id`, `name`, `admin_user_id`) VALUES ('15', 'et', '122');
INSERT INTO `communities` (`id`, `name`, `admin_user_id`) VALUES ('16', 'quibusdam', '123');
INSERT INTO `communities` (`id`, `name`, `admin_user_id`) VALUES ('17', 'harum', '124');
INSERT INTO `communities` (`id`, `name`, `admin_user_id`) VALUES ('18', 'non', '128');
INSERT INTO `communities` (`id`, `name`, `admin_user_id`) VALUES ('19', 'qui', '131');
INSERT INTO `communities` (`id`, `name`, `admin_user_id`) VALUES ('20', 'quo', '134');
INSERT INTO `communities` (`id`, `name`, `admin_user_id`) VALUES ('21', 'sint', '136');
INSERT INTO `communities` (`id`, `name`, `admin_user_id`) VALUES ('22', 'ut', '137');
INSERT INTO `communities` (`id`, `name`, `admin_user_id`) VALUES ('23', 'enim', '139');
INSERT INTO `communities` (`id`, `name`, `admin_user_id`) VALUES ('24', 'magni', '142');
INSERT INTO `communities` (`id`, `name`, `admin_user_id`) VALUES ('25', 'deserunt', '146');
INSERT INTO `communities` (`id`, `name`, `admin_user_id`) VALUES ('26', 'quia', '150');
INSERT INTO `communities` (`id`, `name`, `admin_user_id`) VALUES ('27', 'blanditiis', '152');
INSERT INTO `communities` (`id`, `name`, `admin_user_id`) VALUES ('28', 'minus', '154');
INSERT INTO `communities` (`id`, `name`, `admin_user_id`) VALUES ('29', 'veniam', '155');
INSERT INTO `communities` (`id`, `name`, `admin_user_id`) VALUES ('30', 'voluptatem', '156');
INSERT INTO `communities` (`id`, `name`, `admin_user_id`) VALUES ('31', 'est', '157');
INSERT INTO `communities` (`id`, `name`, `admin_user_id`) VALUES ('32', 'est', '158');
INSERT INTO `communities` (`id`, `name`, `admin_user_id`) VALUES ('33', 'dolores', '163');
INSERT INTO `communities` (`id`, `name`, `admin_user_id`) VALUES ('34', 'magni', '164');
INSERT INTO `communities` (`id`, `name`, `admin_user_id`) VALUES ('35', 'rerum', '166');
INSERT INTO `communities` (`id`, `name`, `admin_user_id`) VALUES ('36', 'incidunt', '167');
INSERT INTO `communities` (`id`, `name`, `admin_user_id`) VALUES ('37', 'aspernatur', '169');
INSERT INTO `communities` (`id`, `name`, `admin_user_id`) VALUES ('38', 'eos', '170');
INSERT INTO `communities` (`id`, `name`, `admin_user_id`) VALUES ('39', 'voluptas', '175');
INSERT INTO `communities` (`id`, `name`, `admin_user_id`) VALUES ('40', 'ut', '176');
INSERT INTO `communities` (`id`, `name`, `admin_user_id`) VALUES ('41', 'quo', '177');
INSERT INTO `communities` (`id`, `name`, `admin_user_id`) VALUES ('42', 'velit', '180');
INSERT INTO `communities` (`id`, `name`, `admin_user_id`) VALUES ('43', 'error', '181');
INSERT INTO `communities` (`id`, `name`, `admin_user_id`) VALUES ('44', 'et', '185');
INSERT INTO `communities` (`id`, `name`, `admin_user_id`) VALUES ('45', 'sit', '186');
INSERT INTO `communities` (`id`, `name`, `admin_user_id`) VALUES ('46', 'ea', '188');
INSERT INTO `communities` (`id`, `name`, `admin_user_id`) VALUES ('47', 'quia', '191');
INSERT INTO `communities` (`id`, `name`, `admin_user_id`) VALUES ('48', 'et', '194');
INSERT INTO `communities` (`id`, `name`, `admin_user_id`) VALUES ('49', 'quo', '195');
INSERT INTO `communities` (`id`, `name`, `admin_user_id`) VALUES ('50', 'omnis', '196');
INSERT INTO `communities` (`id`, `name`, `admin_user_id`) VALUES ('51', 'accusamus', '199');
INSERT INTO `communities` (`id`, `name`, `admin_user_id`) VALUES ('52', 'dolor', '101');
INSERT INTO `communities` (`id`, `name`, `admin_user_id`) VALUES ('53', 'quos', '102');
INSERT INTO `communities` (`id`, `name`, `admin_user_id`) VALUES ('54', 'et', '103');
INSERT INTO `communities` (`id`, `name`, `admin_user_id`) VALUES ('55', 'dolores', '104');
INSERT INTO `communities` (`id`, `name`, `admin_user_id`) VALUES ('56', 'voluptatem', '105');
INSERT INTO `communities` (`id`, `name`, `admin_user_id`) VALUES ('57', 'expedita', '107');
INSERT INTO `communities` (`id`, `name`, `admin_user_id`) VALUES ('58', 'ut', '108');
INSERT INTO `communities` (`id`, `name`, `admin_user_id`) VALUES ('59', 'doloribus', '109');
INSERT INTO `communities` (`id`, `name`, `admin_user_id`) VALUES ('60', 'pariatur', '110');
INSERT INTO `communities` (`id`, `name`, `admin_user_id`) VALUES ('61', 'possimus', '113');
INSERT INTO `communities` (`id`, `name`, `admin_user_id`) VALUES ('62', 'consequatur', '115');
INSERT INTO `communities` (`id`, `name`, `admin_user_id`) VALUES ('63', 'possimus', '116');
INSERT INTO `communities` (`id`, `name`, `admin_user_id`) VALUES ('64', 'qui', '120');
INSERT INTO `communities` (`id`, `name`, `admin_user_id`) VALUES ('65', 'fugiat', '121');
INSERT INTO `communities` (`id`, `name`, `admin_user_id`) VALUES ('66', 'dolore', '122');
INSERT INTO `communities` (`id`, `name`, `admin_user_id`) VALUES ('67', 'aut', '123');
INSERT INTO `communities` (`id`, `name`, `admin_user_id`) VALUES ('68', 'sunt', '124');
INSERT INTO `communities` (`id`, `name`, `admin_user_id`) VALUES ('69', 'eos', '128');
INSERT INTO `communities` (`id`, `name`, `admin_user_id`) VALUES ('70', 'ut', '131');
INSERT INTO `communities` (`id`, `name`, `admin_user_id`) VALUES ('71', 'aut', '134');
INSERT INTO `communities` (`id`, `name`, `admin_user_id`) VALUES ('72', 'cum', '136');
INSERT INTO `communities` (`id`, `name`, `admin_user_id`) VALUES ('73', 'nobis', '137');
INSERT INTO `communities` (`id`, `name`, `admin_user_id`) VALUES ('74', 'soluta', '139');
INSERT INTO `communities` (`id`, `name`, `admin_user_id`) VALUES ('75', 'quia', '142');
INSERT INTO `communities` (`id`, `name`, `admin_user_id`) VALUES ('76', 'libero', '146');
INSERT INTO `communities` (`id`, `name`, `admin_user_id`) VALUES ('77', 'neque', '150');
INSERT INTO `communities` (`id`, `name`, `admin_user_id`) VALUES ('78', 'cumque', '152');
INSERT INTO `communities` (`id`, `name`, `admin_user_id`) VALUES ('79', 'ipsam', '154');
INSERT INTO `communities` (`id`, `name`, `admin_user_id`) VALUES ('80', 'dignissimos', '155');
INSERT INTO `communities` (`id`, `name`, `admin_user_id`) VALUES ('81', 'veritatis', '156');
INSERT INTO `communities` (`id`, `name`, `admin_user_id`) VALUES ('82', 'modi', '157');
INSERT INTO `communities` (`id`, `name`, `admin_user_id`) VALUES ('83', 'deserunt', '158');
INSERT INTO `communities` (`id`, `name`, `admin_user_id`) VALUES ('84', 'fuga', '163');
INSERT INTO `communities` (`id`, `name`, `admin_user_id`) VALUES ('85', 'qui', '164');
INSERT INTO `communities` (`id`, `name`, `admin_user_id`) VALUES ('86', 'perspiciatis', '166');
INSERT INTO `communities` (`id`, `name`, `admin_user_id`) VALUES ('87', 'consequuntur', '167');
INSERT INTO `communities` (`id`, `name`, `admin_user_id`) VALUES ('88', 'aut', '169');
INSERT INTO `communities` (`id`, `name`, `admin_user_id`) VALUES ('89', 'eos', '170');
INSERT INTO `communities` (`id`, `name`, `admin_user_id`) VALUES ('90', 'voluptates', '175');
INSERT INTO `communities` (`id`, `name`, `admin_user_id`) VALUES ('91', 'aliquid', '176');
INSERT INTO `communities` (`id`, `name`, `admin_user_id`) VALUES ('92', 'quaerat', '177');
INSERT INTO `communities` (`id`, `name`, `admin_user_id`) VALUES ('93', 'aut', '180');
INSERT INTO `communities` (`id`, `name`, `admin_user_id`) VALUES ('94', 'quis', '181');
INSERT INTO `communities` (`id`, `name`, `admin_user_id`) VALUES ('95', 'voluptatem', '185');
INSERT INTO `communities` (`id`, `name`, `admin_user_id`) VALUES ('96', 'repellat', '186');
INSERT INTO `communities` (`id`, `name`, `admin_user_id`) VALUES ('97', 'nostrum', '188');
INSERT INTO `communities` (`id`, `name`, `admin_user_id`) VALUES ('98', 'neque', '191');
INSERT INTO `communities` (`id`, `name`, `admin_user_id`) VALUES ('99', 'quae', '194');
INSERT INTO `communities` (`id`, `name`, `admin_user_id`) VALUES ('100', 'ut', '195');


#
# TABLE STRUCTURE FOR: friends_requests
#

insert into `friends_requests` (`initiator_user_id`, `target_user_id`, `status`) values('101', '188', 'requesed');
insert into `friends_requests` (`initiator_user_id`, `target_user_id`, `status`) values('169', '180','approved');
insert into `friends_requests` (`initiator_user_id`, `target_user_id`, `status`) values('103', '101', 'approved');
insert into `friends_requests` (`initiator_user_id`, `target_user_id`, `status`) values('103', '194', 'requesed');
insert into `friends_requests` (`initiator_user_id`, `target_user_id`, `status`) values('177', '185', 'declined');
insert into `friends_requests` (`initiator_user_id`, `target_user_id`, `status`) values('181', '186', 'declined');
insert into `friends_requests` (`initiator_user_id`, `target_user_id`, `status`) values('195', '180', 'requesed');
insert into `friends_requests` (`initiator_user_id`, `target_user_id`, `status`) values('105', '170', 'approved');
insert into `friends_requests` (`initiator_user_id`, `target_user_id`, `status`) values('101', '191', 'requesed');
insert into `friends_requests` (`initiator_user_id`, `target_user_id`, `status`) values('195', '194', 'requesed');

#
# TABLE STRUCTURE FOR: media_types
#


INSERT INTO `media_types` (`id`, `name`, `created_at`, `updated_at`) VALUES ('1', 'rerum', '2009-11-26 05:53:21', '2009-06-06 14:04:54');
INSERT INTO `media_types` (`id`, `name`, `created_at`, `updated_at`) VALUES ('2', 'dolorum', '1972-10-30 05:25:58', '2009-04-16 18:15:58');
INSERT INTO `media_types` (`id`, `name`, `created_at`, `updated_at`) VALUES ('3', 'corporis', '2014-04-10 04:10:43', '2017-10-18 04:43:20');
INSERT INTO `media_types` (`id`, `name`, `created_at`, `updated_at`) VALUES ('4', 'dolore', '1993-02-17 01:47:10', '1984-03-08 06:14:57');
INSERT INTO `media_types` (`id`, `name`, `created_at`, `updated_at`) VALUES ('5', 'officia', '1994-10-18 12:36:33', '2011-04-20 22:11:54');
INSERT INTO `media_types` (`id`, `name`, `created_at`, `updated_at`) VALUES ('6', 'sequi', '2014-05-19 19:16:16', '2001-12-12 18:21:06');
INSERT INTO `media_types` (`id`, `name`, `created_at`, `updated_at`) VALUES ('7', 'minima', '1985-06-03 19:41:20', '1981-06-30 19:16:40');
INSERT INTO `media_types` (`id`, `name`, `created_at`, `updated_at`) VALUES ('8', 'neque', '1988-02-13 11:06:46', '2021-07-14 19:54:43');
INSERT INTO `media_types` (`id`, `name`, `created_at`, `updated_at`) VALUES ('9', 'ea', '1977-10-15 04:23:02', '2015-07-26 20:20:44');
INSERT INTO `media_types` (`id`, `name`, `created_at`, `updated_at`) VALUES ('10', 'neque', '1995-06-01 19:36:32', '1998-04-20 21:25:02');

#
# TABLE STRUCTURE FOR: media
#


INSERT INTO `media` (`id`, `media_type_id`, `user_id`, `body`, `filename`, `size`, `metadata`, `created_at`, `updated_at`) VALUES ('1', '1', '101', 'Quia quisquam in eaque temporibus sit. Libero et expedita quidem est ratione vitae harum. Voluptatibus occaecati in ut ratione accusamus fugiat vel. Aut et quos est facilis neque aperiam harum sed.', 'vitae', 4747, NULL, '1973-11-29 16:36:30', '1981-09-14 10:17:33');
INSERT INTO `media` (`id`, `media_type_id`, `user_id`, `body`, `filename`, `size`, `metadata`, `created_at`, `updated_at`) VALUES ('2', '2', '102', 'Minus eveniet dolorem consequatur necessitatibus aspernatur. Similique nam dicta et nesciunt.', 'reiciendis', 944103, NULL, '1981-12-18 11:00:06', '1992-11-15 14:36:12');
INSERT INTO `media` (`id`, `media_type_id`, `user_id`, `body`, `filename`, `size`, `metadata`, `created_at`, `updated_at`) VALUES ('3', '3', '103', 'Est numquam maiores esse eius eligendi. Odio fuga vitae atque nobis dolor recusandae voluptatem. Repellendus sapiente in dignissimos distinctio aut.', 'nam', 0, NULL, '1996-03-29 03:39:53', '2008-08-15 07:15:23');
INSERT INTO `media` (`id`, `media_type_id`, `user_id`, `body`, `filename`, `size`, `metadata`, `created_at`, `updated_at`) VALUES ('4', '4', '104', 'Impedit pariatur vel ratione assumenda dolores quasi repudiandae. Alias facere officiis qui quas maiores dolores similique. Quia sapiente dolorum id modi culpa at placeat porro.', 'ea', 91, NULL, '1999-03-13 16:28:32', '2020-02-06 02:31:35');
INSERT INTO `media` (`id`, `media_type_id`, `user_id`, `body`, `filename`, `size`, `metadata`, `created_at`, `updated_at`) VALUES ('5', '5', '105', 'Culpa veritatis eos quia explicabo iste et. Distinctio ad sed totam explicabo vel vel. Excepturi non sed enim molestiae explicabo illo exercitationem voluptas. Voluptate assumenda ipsum dolor distinctio reiciendis.', 'nisi', 37245207, NULL, '1984-07-28 14:52:24', '2006-10-09 06:17:13');
INSERT INTO `media` (`id`, `media_type_id`, `user_id`, `body`, `filename`, `size`, `metadata`, `created_at`, `updated_at`) VALUES ('6', '6', '107', 'Id corporis impedit quia molestiae non nam eius. Et fugit nostrum laudantium corporis recusandae omnis. Quam fugit libero nesciunt voluptatum eos. Ducimus error ea saepe id quis velit repudiandae.', 'dolorem', 6268, NULL, '1983-12-06 20:09:13', '1995-06-24 14:07:48');
INSERT INTO `media` (`id`, `media_type_id`, `user_id`, `body`, `filename`, `size`, `metadata`, `created_at`, `updated_at`) VALUES ('7', '7', '108', 'Numquam officiis libero quae accusantium odio. Dicta animi quia reiciendis. Et eum consequuntur provident sint. Illo fugit velit voluptatem et voluptatibus.', 'temporibus', 0, NULL, '1970-09-20 09:22:32', '1978-11-22 19:25:11');
INSERT INTO `media` (`id`, `media_type_id`, `user_id`, `body`, `filename`, `size`, `metadata`, `created_at`, `updated_at`) VALUES ('8', '8', '109', 'Ut odit itaque perferendis nulla. Natus consequuntur voluptates labore ut delectus quo. Eum corrupti tempora sunt culpa itaque delectus est. Quaerat soluta optio ut.', 'iste', 0, NULL, '1997-06-11 18:16:19', '2007-02-28 13:24:58');
INSERT INTO `media` (`id`, `media_type_id`, `user_id`, `body`, `filename`, `size`, `metadata`, `created_at`, `updated_at`) VALUES ('9', '9', '110', 'Sit velit ducimus voluptates rerum. Doloremque et omnis sit aut fugit omnis. Dolor ratione vel ut dolores fugit. Odio laboriosam veritatis nam asperiores qui dolor. Nisi quos saepe ducimus eveniet ipsa tempore.', 'rerum', 7980693, NULL, '2003-09-07 20:59:16', '2014-06-12 09:34:23');
INSERT INTO `media` (`id`, `media_type_id`, `user_id`, `body`, `filename`, `size`, `metadata`, `created_at`, `updated_at`) VALUES ('10', '10', '113', 'Et et autem deleniti et quibusdam. Quia sequi amet itaque velit temporibus nulla. Adipisci ipsum rem et qui laboriosam.', 'nam', 2, NULL, '1995-04-19 18:39:25', '1977-06-09 02:50:47');
INSERT INTO `media` (`id`, `media_type_id`, `user_id`, `body`, `filename`, `size`, `metadata`, `created_at`, `updated_at`) VALUES ('11', '1', '115', 'Sapiente ut similique nesciunt. Ut quam sit saepe optio facere. Est et et perferendis neque ipsum ut.', 'temporibus', 1886, NULL, '1994-01-29 14:52:50', '1993-08-20 01:08:03');
INSERT INTO `media` (`id`, `media_type_id`, `user_id`, `body`, `filename`, `size`, `metadata`, `created_at`, `updated_at`) VALUES ('12', '2', '116', 'Aut doloremque rerum in. Deleniti necessitatibus est sint blanditiis sint alias animi. Voluptatem quos amet quasi quia et.', 'nam', 237, NULL, '2019-09-11 19:08:48', '1973-10-16 04:56:24');
INSERT INTO `media` (`id`, `media_type_id`, `user_id`, `body`, `filename`, `size`, `metadata`, `created_at`, `updated_at`) VALUES ('13', '3', '120', 'Impedit aut rerum dolorem doloremque corrupti minus reprehenderit. Reprehenderit quas ea rem officia eos facere. Dicta quos quo dolorem voluptatem odio. Fugiat repellendus possimus aut sunt sit est aut.', 'placeat', 20580, NULL, '2009-08-10 04:42:11', '1984-06-06 01:48:12');
INSERT INTO `media` (`id`, `media_type_id`, `user_id`, `body`, `filename`, `size`, `metadata`, `created_at`, `updated_at`) VALUES ('14', '4', '121', 'Reprehenderit vitae qui consequatur blanditiis dignissimos. Non magni consequatur facere ut veniam sunt. Ipsam unde nihil necessitatibus voluptatem amet. Quam et iusto laboriosam recusandae est sit provident.', 'hic', 59, NULL, '2014-01-22 01:49:30', '1989-01-29 05:52:31');
INSERT INTO `media` (`id`, `media_type_id`, `user_id`, `body`, `filename`, `size`, `metadata`, `created_at`, `updated_at`) VALUES ('15', '5', '122', 'Accusantium aspernatur aut eaque. Omnis voluptatem aliquam nulla ratione. Dolor at non maxime nam unde. Dolorem quisquam voluptatem ex commodi qui alias accusantium.', 'rerum', 6, NULL, '2016-04-28 16:14:00', '1989-09-21 03:59:56');
INSERT INTO `media` (`id`, `media_type_id`, `user_id`, `body`, `filename`, `size`, `metadata`, `created_at`, `updated_at`) VALUES ('16', '6', '123', 'Tempora ipsum perspiciatis error nostrum porro consequuntur iste. Temporibus repellat sed similique voluptas illo et ullam.', 'nulla', 4, NULL, '2007-02-23 16:48:32', '1984-01-14 13:43:12');
INSERT INTO `media` (`id`, `media_type_id`, `user_id`, `body`, `filename`, `size`, `metadata`, `created_at`, `updated_at`) VALUES ('17', '7', '124', 'Cumque voluptatem voluptatum accusamus impedit sapiente fuga vel. Nihil est autem optio ipsam perspiciatis qui voluptatem. Quae quas qui quidem beatae nihil.', 'atque', 491018422, NULL, '1980-03-04 23:16:12', '1993-11-01 04:43:41');
INSERT INTO `media` (`id`, `media_type_id`, `user_id`, `body`, `filename`, `size`, `metadata`, `created_at`, `updated_at`) VALUES ('18', '8', '128', 'Quas maiores omnis voluptatem. Dolore et sequi sapiente soluta labore aut. Iure quis enim omnis libero. Est facilis itaque inventore dignissimos est.', 'reiciendis', 8080313, NULL, '2005-11-05 05:22:22', '1973-11-27 05:02:49');
INSERT INTO `media` (`id`, `media_type_id`, `user_id`, `body`, `filename`, `size`, `metadata`, `created_at`, `updated_at`) VALUES ('19', '9', '131', 'Inventore adipisci ea dignissimos aut consequuntur nihil. Veritatis eveniet animi beatae maiores expedita. Aspernatur rem repellendus eius in et dicta inventore. Odio illum sapiente eos. Soluta reprehenderit labore accusamus aliquid voluptatum.', 'nisi', 3810163, NULL, '1988-03-19 19:43:40', '1972-07-06 13:59:52');
INSERT INTO `media` (`id`, `media_type_id`, `user_id`, `body`, `filename`, `size`, `metadata`, `created_at`, `updated_at`) VALUES ('20', '10', '134', 'Quisquam distinctio nisi animi voluptates molestiae ratione voluptates. Totam molestias molestias quasi quis unde. Molestiae sed animi soluta voluptatibus sint sint officia. Praesentium iure culpa dolor autem minus quo quas quidem. Eum fuga doloribus nobis dolor enim.', 'animi', 0, NULL, '2009-08-21 10:56:48', '1995-04-10 01:21:43');
INSERT INTO `media` (`id`, `media_type_id`, `user_id`, `body`, `filename`, `size`, `metadata`, `created_at`, `updated_at`) VALUES ('21', '1', '136', 'Autem et adipisci quisquam et quod. Molestiae qui impedit mollitia nemo architecto. At dolor reprehenderit totam quia nesciunt. Mollitia laudantium sed itaque provident error occaecati voluptas.', 'perspiciatis', 60742432, NULL, '1985-03-24 12:41:37', '1985-07-07 15:27:39');
INSERT INTO `media` (`id`, `media_type_id`, `user_id`, `body`, `filename`, `size`, `metadata`, `created_at`, `updated_at`) VALUES ('22', '2', '137', 'Accusamus vero sit laboriosam accusamus. Quo ipsa veniam sint. Debitis explicabo quia beatae soluta tenetur. Amet nostrum ipsum sint error consequuntur. Minima et error asperiores nam.', 'sint', 4777, NULL, '1976-04-11 07:44:49', '1983-07-06 20:31:43');
INSERT INTO `media` (`id`, `media_type_id`, `user_id`, `body`, `filename`, `size`, `metadata`, `created_at`, `updated_at`) VALUES ('23', '3', '139', 'Libero natus atque fugit molestias eveniet consequatur aut at. Cumque illo dolore nisi. Optio et alias voluptates consequatur rerum. Blanditiis sint expedita est quisquam ullam libero.', 'voluptates', 975656, NULL, '1990-01-10 09:14:21', '1992-11-12 15:22:49');
INSERT INTO `media` (`id`, `media_type_id`, `user_id`, `body`, `filename`, `size`, `metadata`, `created_at`, `updated_at`) VALUES ('24', '4', '142', 'Delectus temporibus tempora sit qui. Ut doloremque explicabo possimus eum numquam. Perspiciatis impedit laborum eius numquam quo eum dolorem. In velit suscipit officia voluptatum veniam.', 'molestias', 506103, NULL, '2018-06-15 23:43:53', '1991-09-22 05:06:19');
INSERT INTO `media` (`id`, `media_type_id`, `user_id`, `body`, `filename`, `size`, `metadata`, `created_at`, `updated_at`) VALUES ('25', '5', '146', 'Et officia non alias autem illo reiciendis eligendi. Necessitatibus voluptatibus eos debitis neque voluptatem vel qui cum. Esse et similique officia totam ipsum veritatis dicta.', 'quo', 994, NULL, '1989-04-03 23:01:24', '2013-01-02 23:11:00');
INSERT INTO `media` (`id`, `media_type_id`, `user_id`, `body`, `filename`, `size`, `metadata`, `created_at`, `updated_at`) VALUES ('26', '6', '150', 'Necessitatibus qui similique quae aut alias consequatur sunt. Qui in sint ut recusandae. Consequatur voluptatem dolores ut mollitia esse incidunt.', 'sit', 610250209, NULL, '2016-08-12 03:54:58', '1984-11-27 00:47:12');
INSERT INTO `media` (`id`, `media_type_id`, `user_id`, `body`, `filename`, `size`, `metadata`, `created_at`, `updated_at`) VALUES ('27', '7', '152', 'Voluptas quae mollitia est. Maiores vitae sed blanditiis sit eos dolorem. Suscipit est labore omnis soluta pariatur aut enim.', 'corrupti', 6, NULL, '2001-07-02 23:04:40', '1995-04-24 00:45:59');
INSERT INTO `media` (`id`, `media_type_id`, `user_id`, `body`, `filename`, `size`, `metadata`, `created_at`, `updated_at`) VALUES ('28', '8', '154', 'Et et saepe ea ut adipisci. Asperiores fugit veritatis laboriosam reprehenderit aut molestiae. Autem aut quod deleniti nulla. Iure rerum quis ut facere quod.', 'blanditiis', 3456980, NULL, '1984-08-22 07:31:28', '2012-04-22 03:48:34');
INSERT INTO `media` (`id`, `media_type_id`, `user_id`, `body`, `filename`, `size`, `metadata`, `created_at`, `updated_at`) VALUES ('29', '9', '155', 'Ea deleniti doloremque nulla sit impedit ut maxime. Quia magnam autem enim quod. Molestias accusamus officiis omnis quis qui architecto.', 'nihil', 6, NULL, '2011-10-01 06:23:26', '1990-05-07 12:22:16');
INSERT INTO `media` (`id`, `media_type_id`, `user_id`, `body`, `filename`, `size`, `metadata`, `created_at`, `updated_at`) VALUES ('30', '10', '156', 'Suscipit incidunt ipsa fugit aspernatur cumque. Nostrum impedit incidunt sint magni quis ut voluptas. Distinctio et expedita perferendis reiciendis laborum quam. Et assumenda recusandae enim odio dolor voluptas.', 'autem', 7249717, NULL, '2014-05-21 10:19:56', '2018-02-25 14:21:24');
INSERT INTO `media` (`id`, `media_type_id`, `user_id`, `body`, `filename`, `size`, `metadata`, `created_at`, `updated_at`) VALUES ('31', '1', '157', 'Quia dolores consequatur debitis sunt. Illum reprehenderit commodi eum quisquam et a et ex. Ea nam sed earum reprehenderit.', 'autem', 5, NULL, '1972-12-25 17:37:57', '1973-12-23 08:06:09');
INSERT INTO `media` (`id`, `media_type_id`, `user_id`, `body`, `filename`, `size`, `metadata`, `created_at`, `updated_at`) VALUES ('32', '2', '158', 'Enim ut ut iste quasi qui. Eum sunt sed architecto qui saepe placeat. Sit reiciendis cumque dolorum consequatur illo natus.', 'est', 0, NULL, '2007-03-21 11:10:03', '1980-09-12 21:02:53');
INSERT INTO `media` (`id`, `media_type_id`, `user_id`, `body`, `filename`, `size`, `metadata`, `created_at`, `updated_at`) VALUES ('33', '3', '163', 'Veniam hic at consequatur quaerat commodi ipsa voluptatem laboriosam. Ullam aperiam odio ratione maiores omnis placeat. Aut reprehenderit hic laborum inventore impedit dolor. Odio expedita rem corrupti omnis sapiente aut accusamus quidem.', 'occaecati', 0, NULL, '2003-02-02 09:39:28', '2015-05-20 03:25:25');
INSERT INTO `media` (`id`, `media_type_id`, `user_id`, `body`, `filename`, `size`, `metadata`, `created_at`, `updated_at`) VALUES ('34', '4', '164', 'Vel iste deleniti pariatur deserunt aut sapiente sit. Cum explicabo ea mollitia quisquam. Quam reprehenderit sint corporis quia.', 'in', 42083, NULL, '1983-07-26 22:21:23', '2000-09-17 05:05:19');
INSERT INTO `media` (`id`, `media_type_id`, `user_id`, `body`, `filename`, `size`, `metadata`, `created_at`, `updated_at`) VALUES ('35', '5', '166', 'Aliquid quo vel architecto et. Quae minima molestiae sapiente culpa nam ratione. Tenetur ut nostrum dolor repudiandae.', 'commodi', 10, NULL, '2017-07-20 20:27:24', '1983-05-23 08:31:54');
INSERT INTO `media` (`id`, `media_type_id`, `user_id`, `body`, `filename`, `size`, `metadata`, `created_at`, `updated_at`) VALUES ('36', '6', '167', 'Ut eligendi quaerat unde alias. Reprehenderit dolorem illum et molestiae eos. Laborum cum veritatis ut.', 'perspiciatis', 66867, NULL, '1993-12-30 01:03:55', '1974-05-20 22:07:44');
INSERT INTO `media` (`id`, `media_type_id`, `user_id`, `body`, `filename`, `size`, `metadata`, `created_at`, `updated_at`) VALUES ('37', '7', '169', 'Sed sequi eaque ratione quis aliquam placeat ut. Vitae dolorem dolore non expedita. Sed reprehenderit quo blanditiis est reiciendis exercitationem.', 'voluptatem', 77920561, NULL, '1984-03-25 10:24:18', '1977-02-27 16:35:13');
INSERT INTO `media` (`id`, `media_type_id`, `user_id`, `body`, `filename`, `size`, `metadata`, `created_at`, `updated_at`) VALUES ('38', '8', '170', 'Molestiae amet beatae et velit laborum. Vel ratione provident laboriosam dolore qui. Libero voluptas quia rerum explicabo possimus. Ea vel est ut sit sed.', 'et', 55, NULL, '2008-12-19 08:03:37', '1987-10-17 04:37:26');
INSERT INTO `media` (`id`, `media_type_id`, `user_id`, `body`, `filename`, `size`, `metadata`, `created_at`, `updated_at`) VALUES ('39', '9', '175', 'Distinctio est beatae deleniti est quo autem aliquid. Voluptate ut sequi tempore id itaque possimus quidem.', 'delectus', 5, NULL, '2016-12-10 11:27:44', '2001-07-08 13:48:55');
INSERT INTO `media` (`id`, `media_type_id`, `user_id`, `body`, `filename`, `size`, `metadata`, `created_at`, `updated_at`) VALUES ('40', '10', '176', 'Aspernatur commodi voluptas earum minus consectetur architecto aut tempora. Voluptas laboriosam iusto reprehenderit eos enim. Sequi sit porro necessitatibus qui perferendis aut qui.', 'nihil', 594270, NULL, '2015-10-10 01:35:42', '1993-11-15 18:44:17');
INSERT INTO `media` (`id`, `media_type_id`, `user_id`, `body`, `filename`, `size`, `metadata`, `created_at`, `updated_at`) VALUES ('41', '1', '177', 'Earum mollitia molestias consequuntur quam. Aut eaque tenetur quibusdam natus possimus qui et est. Et qui et enim et fuga optio dicta. Sint fuga maiores ut ut in atque sed harum.', 'voluptatum', 9546, NULL, '2007-07-10 21:42:40', '1990-05-02 13:57:40');
INSERT INTO `media` (`id`, `media_type_id`, `user_id`, `body`, `filename`, `size`, `metadata`, `created_at`, `updated_at`) VALUES ('42', '2', '180', 'Tempora cumque fugit est consequuntur aliquam nihil qui velit. Qui voluptate sequi perspiciatis eius. Qui tempore soluta qui molestiae earum.', 'inventore', 965212922, NULL, '1983-11-15 22:53:01', '1994-08-31 00:28:41');
INSERT INTO `media` (`id`, `media_type_id`, `user_id`, `body`, `filename`, `size`, `metadata`, `created_at`, `updated_at`) VALUES ('43', '3', '181', 'Quae neque deleniti provident illum vel mollitia. Dolores non vitae voluptatem consequuntur necessitatibus autem modi. Ut quas est aut magnam hic ea perspiciatis.', 'debitis', 8753, NULL, '2019-11-30 01:28:55', '2018-02-02 00:16:55');
INSERT INTO `media` (`id`, `media_type_id`, `user_id`, `body`, `filename`, `size`, `metadata`, `created_at`, `updated_at`) VALUES ('44', '4', '185', 'Commodi quas eos harum velit aspernatur. Veniam repudiandae qui eos ut quas necessitatibus voluptas. Facilis at rem quis incidunt.', 'repudiandae', 5436167, NULL, '1995-03-05 04:31:28', '2005-03-28 05:47:49');
INSERT INTO `media` (`id`, `media_type_id`, `user_id`, `body`, `filename`, `size`, `metadata`, `created_at`, `updated_at`) VALUES ('45', '5', '186', 'Molestiae quos modi possimus dolor consectetur officiis. Perferendis sunt ipsam aut veniam. Voluptas facere eos velit est aut ipsam.', 'vero', 688, NULL, '1989-04-25 16:58:44', '2016-02-16 22:33:34');
INSERT INTO `media` (`id`, `media_type_id`, `user_id`, `body`, `filename`, `size`, `metadata`, `created_at`, `updated_at`) VALUES ('46', '6', '188', 'Aut voluptas voluptas quidem amet quidem voluptatem laborum eligendi. Nesciunt sapiente et sed ea sint ab. Eius tempore ab quisquam quas.', 'omnis', 1887, NULL, '2002-07-04 12:23:28', '1992-11-22 01:03:14');
INSERT INTO `media` (`id`, `media_type_id`, `user_id`, `body`, `filename`, `size`, `metadata`, `created_at`, `updated_at`) VALUES ('47', '7', '191', 'Facere nemo aut consectetur excepturi fugit dolores. Eum magni quae sint ad.', 'error', 7934832, NULL, '1989-03-22 05:12:51', '2009-11-18 11:06:20');
INSERT INTO `media` (`id`, `media_type_id`, `user_id`, `body`, `filename`, `size`, `metadata`, `created_at`, `updated_at`) VALUES ('48', '8', '194', 'Temporibus accusamus maiores tenetur dolorum et. Quasi ut soluta voluptas ratione vero. Est aliquam dolores ab dolorem repellendus tenetur delectus autem. Natus accusantium quaerat aut vel aut.', 'rerum', 959975317, NULL, '1971-07-14 07:28:57', '1984-08-29 09:19:48');
INSERT INTO `media` (`id`, `media_type_id`, `user_id`, `body`, `filename`, `size`, `metadata`, `created_at`, `updated_at`) VALUES ('49', '9', '195', 'Qui iusto expedita aliquam dolores ea labore sunt accusantium. Repellat ipsam atque dolores commodi alias vero atque eos. Rerum et et at blanditiis eaque et.', 'qui', 8138, NULL, '2003-06-18 12:07:19', '1970-08-23 23:45:39');
INSERT INTO `media` (`id`, `media_type_id`, `user_id`, `body`, `filename`, `size`, `metadata`, `created_at`, `updated_at`) VALUES ('50', '10', '196', 'Dolorem iste explicabo est amet voluptatem officia. Architecto autem nulla aut aliquid est velit. Iure voluptatem et ut similique. Voluptatibus quis voluptatibus et atque nemo quidem temporibus. Maiores nam dolorum corrupti laudantium perspiciatis.', 'et', 54470520, NULL, '2016-01-06 03:46:56', '1981-05-21 21:36:52');
INSERT INTO `media` (`id`, `media_type_id`, `user_id`, `body`, `filename`, `size`, `metadata`, `created_at`, `updated_at`) VALUES ('51', '1', '199', 'Nesciunt itaque labore odio natus illum. Aut laboriosam aut ipsam est quae consectetur sit. Aliquam architecto autem qui impedit aut consequuntur. Sit et velit nostrum aspernatur non. Porro dicta voluptas ullam nobis rem aut eos.', 'laudantium', 80, NULL, '1986-09-09 01:01:07', '1997-10-12 12:45:40');
INSERT INTO `media` (`id`, `media_type_id`, `user_id`, `body`, `filename`, `size`, `metadata`, `created_at`, `updated_at`) VALUES ('52', '2', '101', 'Saepe nihil qui veritatis. Et unde quaerat eaque a explicabo. Eos est sit nobis.', 'et', 4642, NULL, '1987-04-21 05:08:49', '2020-12-14 01:53:02');
INSERT INTO `media` (`id`, `media_type_id`, `user_id`, `body`, `filename`, `size`, `metadata`, `created_at`, `updated_at`) VALUES ('53', '3', '102', 'Tempore consequatur veniam fugiat veniam tempore sed nemo. Earum aut odit aut laudantium soluta. Culpa libero nihil sit labore eum fugit pariatur. Voluptatem exercitationem et esse rerum quos odio.', 'vero', 7380959, NULL, '2016-10-26 04:27:14', '2012-11-07 04:16:05');
INSERT INTO `media` (`id`, `media_type_id`, `user_id`, `body`, `filename`, `size`, `metadata`, `created_at`, `updated_at`) VALUES ('54', '4', '103', 'Ratione enim quaerat tempore nihil blanditiis. Soluta molestias est molestiae voluptatum. Aspernatur sint porro placeat quis minima. Veritatis soluta natus earum.', 'quia', 0, NULL, '1976-12-25 17:47:07', '1991-02-06 06:44:42');
INSERT INTO `media` (`id`, `media_type_id`, `user_id`, `body`, `filename`, `size`, `metadata`, `created_at`, `updated_at`) VALUES ('55', '5', '104', 'Voluptas tempore iste nam illo quo. Est voluptatem aperiam et placeat facere nihil. Corrupti tenetur cumque dolores unde incidunt et. Dolorum quasi officia aliquam perferendis possimus odit.', 'deserunt', 491, NULL, '2005-06-23 16:48:14', '1992-04-15 07:07:46');
INSERT INTO `media` (`id`, `media_type_id`, `user_id`, `body`, `filename`, `size`, `metadata`, `created_at`, `updated_at`) VALUES ('56', '6', '105', 'Hic dignissimos voluptatem est. Nam facere aut quidem molestias hic quia consequuntur aut. Nihil maxime ipsam et vero enim quae quis quaerat.', 'omnis', 17388, NULL, '2019-09-04 21:47:30', '2005-06-26 14:34:18');
INSERT INTO `media` (`id`, `media_type_id`, `user_id`, `body`, `filename`, `size`, `metadata`, `created_at`, `updated_at`) VALUES ('57', '7', '107', 'Alias iusto sed deleniti pariatur aliquam eius. Qui ipsam nulla error. Qui dolor est ea. Non rem et ut enim. Perferendis consequatur ut voluptas qui.', 'rem', 745, NULL, '1973-02-24 04:18:57', '2003-03-21 07:10:14');
INSERT INTO `media` (`id`, `media_type_id`, `user_id`, `body`, `filename`, `size`, `metadata`, `created_at`, `updated_at`) VALUES ('58', '8', '108', 'Accusantium non ea aperiam et. Repellendus eveniet facilis vel aut hic veritatis facilis non. Voluptates commodi ut et temporibus vero rerum assumenda.', 'repudiandae', 80037443, NULL, '1981-10-01 00:13:24', '2003-08-26 22:27:15');
INSERT INTO `media` (`id`, `media_type_id`, `user_id`, `body`, `filename`, `size`, `metadata`, `created_at`, `updated_at`) VALUES ('59', '9', '109', 'Aliquid accusantium aut inventore ad animi. Unde et ex quos ut quia occaecati illum.', 'esse', 464929, NULL, '1989-05-11 14:50:55', '1973-11-16 06:26:58');
INSERT INTO `media` (`id`, `media_type_id`, `user_id`, `body`, `filename`, `size`, `metadata`, `created_at`, `updated_at`) VALUES ('60', '10', '110', 'Placeat porro unde necessitatibus. Dolore ut atque enim et quod qui pariatur. Molestiae repellat consequatur dolorem sed.', 'cum', 697227257, NULL, '1994-07-06 20:09:22', '2010-06-17 04:20:15');
INSERT INTO `media` (`id`, `media_type_id`, `user_id`, `body`, `filename`, `size`, `metadata`, `created_at`, `updated_at`) VALUES ('61', '1', '113', 'Dolores totam consequatur modi nostrum perspiciatis. Sapiente aut ut eius dolores accusamus eos. Quis aspernatur sint eum recusandae quisquam aspernatur voluptas qui.', 'eos', 25194, NULL, '1974-01-05 17:05:11', '2013-08-25 02:13:31');
INSERT INTO `media` (`id`, `media_type_id`, `user_id`, `body`, `filename`, `size`, `metadata`, `created_at`, `updated_at`) VALUES ('62', '2', '115', 'Est omnis maxime est quis hic blanditiis. Explicabo consectetur id at occaecati voluptatem deserunt et. Et rerum sunt dolor animi omnis nesciunt.', 'quam', 32657, NULL, '2005-07-28 10:55:49', '1983-09-08 09:57:38');
INSERT INTO `media` (`id`, `media_type_id`, `user_id`, `body`, `filename`, `size`, `metadata`, `created_at`, `updated_at`) VALUES ('63', '3', '116', 'Dolorem possimus esse cupiditate at minus delectus. Ex reprehenderit sunt qui totam nobis soluta.', 'maiores', 6287660, NULL, '2009-11-26 05:35:00', '1977-08-27 11:07:48');
INSERT INTO `media` (`id`, `media_type_id`, `user_id`, `body`, `filename`, `size`, `metadata`, `created_at`, `updated_at`) VALUES ('64', '4', '120', 'Iste est magni quibusdam perspiciatis quia consequatur consequuntur. Sed vitae voluptatem ipsa dolore ab modi in. Molestiae consequatur voluptas sequi itaque rerum. Repudiandae aspernatur illum tenetur et expedita aut aspernatur.', 'aut', 0, NULL, '1978-09-18 20:11:33', '2013-03-24 00:44:54');
INSERT INTO `media` (`id`, `media_type_id`, `user_id`, `body`, `filename`, `size`, `metadata`, `created_at`, `updated_at`) VALUES ('65', '5', '121', 'Enim sit perferendis commodi aut vel aut qui. Nihil quod atque cupiditate et. Corporis id repellendus numquam ut iusto optio.', 'dolorem', 0, NULL, '2007-04-21 01:31:19', '2016-12-10 18:01:25');
INSERT INTO `media` (`id`, `media_type_id`, `user_id`, `body`, `filename`, `size`, `metadata`, `created_at`, `updated_at`) VALUES ('66', '6', '122', 'Et id quae vel neque culpa nulla omnis. Eum quos officia et praesentium eum. Beatae dolores labore et repudiandae quam. Unde impedit maxime officia ratione eligendi.', 'cum', 4808756, NULL, '1995-06-06 16:43:29', '1997-04-15 04:10:53');
INSERT INTO `media` (`id`, `media_type_id`, `user_id`, `body`, `filename`, `size`, `metadata`, `created_at`, `updated_at`) VALUES ('67', '7', '123', 'Est ea vero cum cum laudantium et. Aliquid est atque soluta placeat animi. Voluptas dolor vel quos possimus incidunt eius. Quia quo omnis eius laborum ut.', 'amet', 7864, NULL, '1993-06-10 03:38:19', '2008-06-11 11:07:43');
INSERT INTO `media` (`id`, `media_type_id`, `user_id`, `body`, `filename`, `size`, `metadata`, `created_at`, `updated_at`) VALUES ('68', '8', '124', 'Natus eos non et consectetur facilis nihil qui. Veritatis voluptates aut rerum et et voluptatibus.', 'non', 96017, NULL, '2017-04-18 20:58:42', '1997-07-08 20:26:16');
INSERT INTO `media` (`id`, `media_type_id`, `user_id`, `body`, `filename`, `size`, `metadata`, `created_at`, `updated_at`) VALUES ('69', '9', '128', 'Aut unde enim qui aut ullam. Non dolores voluptatum dolor et molestiae itaque eum.', 'unde', 45477819, NULL, '1991-11-10 02:10:08', '1985-08-07 13:15:11');
INSERT INTO `media` (`id`, `media_type_id`, `user_id`, `body`, `filename`, `size`, `metadata`, `created_at`, `updated_at`) VALUES ('70', '10', '131', 'Qui sit quod rerum nam. Facilis enim eos optio sit dolorem commodi ad. Alias nesciunt rerum officia et reprehenderit quod saepe.', 'corporis', 916, NULL, '1987-12-13 08:14:35', '1990-02-12 09:24:42');
INSERT INTO `media` (`id`, `media_type_id`, `user_id`, `body`, `filename`, `size`, `metadata`, `created_at`, `updated_at`) VALUES ('71', '1', '134', 'Maiores corrupti iste dolores aliquid unde. Qui voluptatem asperiores vel corporis. Ut aspernatur id iure minus occaecati porro. Ullam vero ut et. Corrupti quam modi consequuntur repudiandae tempore provident autem autem.', 'tenetur', 13618, NULL, '1982-06-17 08:37:37', '1978-08-08 22:45:50');
INSERT INTO `media` (`id`, `media_type_id`, `user_id`, `body`, `filename`, `size`, `metadata`, `created_at`, `updated_at`) VALUES ('72', '2', '136', 'Rem labore rem odio. Ea voluptates accusantium sunt aut corrupti porro quidem excepturi. Inventore asperiores iure ducimus soluta ipsum aliquam.', 'nemo', 446992, NULL, '1974-02-12 05:42:14', '2011-04-30 15:39:50');
INSERT INTO `media` (`id`, `media_type_id`, `user_id`, `body`, `filename`, `size`, `metadata`, `created_at`, `updated_at`) VALUES ('73', '3', '137', 'Qui facere veritatis odit sequi veniam laudantium quos. Aliquam explicabo nostrum quas repudiandae numquam velit veniam. Optio ut eligendi ut aut explicabo dolores quis. Quo odio blanditiis ut sit consequatur illum dolores nobis. Soluta itaque commodi nostrum magnam.', 'sunt', 446, NULL, '2011-03-20 10:18:00', '1982-11-28 01:02:18');
INSERT INTO `media` (`id`, `media_type_id`, `user_id`, `body`, `filename`, `size`, `metadata`, `created_at`, `updated_at`) VALUES ('74', '4', '139', 'Sapiente fugit quod id vel. Dolores voluptatem officiis ea ut velit. Quod sed sed debitis quidem atque quibusdam.', 'molestiae', 29, NULL, '1976-06-23 19:22:40', '1995-10-05 13:09:59');
INSERT INTO `media` (`id`, `media_type_id`, `user_id`, `body`, `filename`, `size`, `metadata`, `created_at`, `updated_at`) VALUES ('75', '5', '142', 'Aliquam in temporibus id tempora laborum beatae aut. Aut nihil officiis pariatur in voluptatem eum error cum. Qui qui illum voluptates pariatur molestiae aut. Porro sed ab suscipit molestias sequi.', 'ut', 815647735, NULL, '2005-11-01 13:11:19', '1975-04-26 06:45:26');
INSERT INTO `media` (`id`, `media_type_id`, `user_id`, `body`, `filename`, `size`, `metadata`, `created_at`, `updated_at`) VALUES ('76', '6', '146', 'Reiciendis consequatur quidem minus incidunt cupiditate a ad. Consequatur iure et sed. Et atque unde ab suscipit dolorum consequatur ex odit.', 'ut', 9, NULL, '1984-03-30 06:16:19', '1993-12-17 19:51:59');
INSERT INTO `media` (`id`, `media_type_id`, `user_id`, `body`, `filename`, `size`, `metadata`, `created_at`, `updated_at`) VALUES ('77', '7', '150', 'Dicta quis temporibus dolorem hic temporibus. Tempora est necessitatibus mollitia est id impedit. Ipsam fuga dolores doloribus magni eveniet autem vero.', 'quasi', 346911058, NULL, '1985-09-30 18:55:07', '2011-11-17 01:34:21');
INSERT INTO `media` (`id`, `media_type_id`, `user_id`, `body`, `filename`, `size`, `metadata`, `created_at`, `updated_at`) VALUES ('78', '8', '152', 'Deleniti quisquam provident placeat. Sit voluptas facilis hic unde vel velit. Eveniet quis a recusandae ratione consequatur.', 'autem', 5094, NULL, '1978-08-25 22:21:49', '2015-01-11 04:59:38');
INSERT INTO `media` (`id`, `media_type_id`, `user_id`, `body`, `filename`, `size`, `metadata`, `created_at`, `updated_at`) VALUES ('79', '9', '154', 'Quis error et qui ut suscipit sit odit ad. Sit nulla non ipsum sint aperiam dolorum. Recusandae itaque rerum omnis asperiores natus fuga temporibus.', 'dolorum', 0, NULL, '1986-05-03 11:54:48', '1989-03-08 05:20:12');
INSERT INTO `media` (`id`, `media_type_id`, `user_id`, `body`, `filename`, `size`, `metadata`, `created_at`, `updated_at`) VALUES ('80', '10', '155', 'Voluptate rem velit cupiditate rem. Optio explicabo cumque et modi. Qui voluptatem ut id qui voluptate.', 'perferendis', 4904, NULL, '2015-02-16 13:33:42', '1974-07-12 22:05:48');
INSERT INTO `media` (`id`, `media_type_id`, `user_id`, `body`, `filename`, `size`, `metadata`, `created_at`, `updated_at`) VALUES ('81', '1', '156', 'Aliquam cupiditate omnis hic. Accusamus cum quis consectetur ea qui.', 'error', 26790922, NULL, '1975-11-24 21:16:33', '1993-04-09 04:02:24');
INSERT INTO `media` (`id`, `media_type_id`, `user_id`, `body`, `filename`, `size`, `metadata`, `created_at`, `updated_at`) VALUES ('82', '2', '157', 'Dolore voluptatibus quia illum illo quis aut. Facilis nulla unde sint similique voluptatem.', 'hic', 0, NULL, '1986-05-07 07:53:37', '2004-11-01 00:31:12');
INSERT INTO `media` (`id`, `media_type_id`, `user_id`, `body`, `filename`, `size`, `metadata`, `created_at`, `updated_at`) VALUES ('83', '3', '158', 'Aut dignissimos distinctio molestias qui. Eaque sit hic consectetur ipsa at similique. Dolorum accusamus reiciendis laborum fugit id. Fuga nemo et optio sit dolorum corrupti in.', 'quod', 25772, NULL, '1971-02-26 19:48:46', '2002-07-16 22:08:10');
INSERT INTO `media` (`id`, `media_type_id`, `user_id`, `body`, `filename`, `size`, `metadata`, `created_at`, `updated_at`) VALUES ('84', '4', '163', 'Corporis commodi voluptatem quo velit ea quidem rerum corrupti. Tempora corrupti doloribus est consequatur commodi libero. Molestias hic et neque dolore delectus vel aut. Fugit recusandae voluptates natus hic itaque et omnis.', 'dolores', 0, NULL, '2020-09-05 20:29:13', '2012-10-31 13:32:34');
INSERT INTO `media` (`id`, `media_type_id`, `user_id`, `body`, `filename`, `size`, `metadata`, `created_at`, `updated_at`) VALUES ('85', '5', '164', 'Consequatur distinctio expedita neque est quis consequatur at quia. Accusamus fugiat ut eos architecto dicta consequatur.', 'a', 7237495, NULL, '1994-06-15 06:19:15', '1980-07-23 05:34:12');
INSERT INTO `media` (`id`, `media_type_id`, `user_id`, `body`, `filename`, `size`, `metadata`, `created_at`, `updated_at`) VALUES ('86', '6', '166', 'Esse ea laboriosam et rem. Necessitatibus ut nihil porro officiis. Sint vel odit aperiam quod impedit omnis.', 'quis', 2, NULL, '1971-03-03 14:05:41', '1994-08-10 20:31:07');
INSERT INTO `media` (`id`, `media_type_id`, `user_id`, `body`, `filename`, `size`, `metadata`, `created_at`, `updated_at`) VALUES ('87', '7', '167', 'Maxime consequatur autem qui explicabo libero facilis quasi. Dolorem incidunt inventore eius soluta et quo. Quibusdam porro id quo qui. Ea consectetur possimus optio ea.', 'vel', 0, NULL, '1974-09-16 17:56:50', '2008-02-16 18:27:08');
INSERT INTO `media` (`id`, `media_type_id`, `user_id`, `body`, `filename`, `size`, `metadata`, `created_at`, `updated_at`) VALUES ('88', '8', '169', 'Enim provident aut et ut amet sit et quod. Temporibus omnis sed sapiente porro sed. Consectetur ut sit ipsum natus sunt. Necessitatibus et et nesciunt qui et perferendis. Placeat beatae consequatur voluptatum.', 'repudiandae', 0, NULL, '1983-09-17 16:54:20', '1971-11-08 13:42:39');
INSERT INTO `media` (`id`, `media_type_id`, `user_id`, `body`, `filename`, `size`, `metadata`, `created_at`, `updated_at`) VALUES ('89', '9', '170', 'In dolorem tenetur repudiandae quod officiis. Repellendus itaque ut dolor autem delectus impedit eos quasi. Libero exercitationem explicabo et fuga. Commodi aliquam esse amet quam.', 'similique', 0, NULL, '2002-05-09 06:09:44', '1973-05-24 21:43:47');
INSERT INTO `media` (`id`, `media_type_id`, `user_id`, `body`, `filename`, `size`, `metadata`, `created_at`, `updated_at`) VALUES ('90', '10', '175', 'Consectetur consectetur facilis eum quia. Fugit deserunt natus ea itaque. Vel alias corporis quo id ad.', 'quasi', 1178, NULL, '1993-05-25 21:57:17', '2013-11-12 12:43:15');
INSERT INTO `media` (`id`, `media_type_id`, `user_id`, `body`, `filename`, `size`, `metadata`, `created_at`, `updated_at`) VALUES ('91', '1', '176', 'Dolor iusto quos quidem accusamus nisi corrupti. Voluptatem quibusdam repellat et at eius. Enim sequi rerum fugiat consequatur architecto soluta aut nemo. Et est quo assumenda voluptatem et et a.', 'ratione', 5, NULL, '2001-06-13 14:06:01', '1999-12-12 11:02:04');
INSERT INTO `media` (`id`, `media_type_id`, `user_id`, `body`, `filename`, `size`, `metadata`, `created_at`, `updated_at`) VALUES ('92', '2', '177', 'Iste non et aliquid necessitatibus repellat dolore sed. Quis rerum nesciunt illo unde nulla et. Possimus provident ex perspiciatis omnis voluptatem. Rerum aliquid nisi ducimus amet perspiciatis culpa dignissimos placeat.', 'alias', 263813899, NULL, '1983-02-17 16:49:32', '2012-06-21 19:35:49');
INSERT INTO `media` (`id`, `media_type_id`, `user_id`, `body`, `filename`, `size`, `metadata`, `created_at`, `updated_at`) VALUES ('93', '3', '180', 'Et quos occaecati atque est. Libero earum voluptas ex sit laborum aliquam. Voluptas reprehenderit rerum laudantium in esse in dolorem.', 'autem', 42664, NULL, '1995-12-04 13:55:27', '2002-06-11 21:30:45');
INSERT INTO `media` (`id`, `media_type_id`, `user_id`, `body`, `filename`, `size`, `metadata`, `created_at`, `updated_at`) VALUES ('94', '4', '181', 'Maxime ullam fugit debitis unde dolorem. Facere sit autem asperiores ex neque animi quasi. Voluptates et itaque ut alias est non facere. Eaque nobis officiis consectetur qui soluta placeat maiores ipsa.', 'autem', 846702971, NULL, '1996-01-08 05:19:39', '1984-05-10 16:29:51');
INSERT INTO `media` (`id`, `media_type_id`, `user_id`, `body`, `filename`, `size`, `metadata`, `created_at`, `updated_at`) VALUES ('95', '5', '185', 'Iusto quam sed facilis odit accusantium eius. Vel quos sed vel placeat iusto. Tempore nostrum nam iusto suscipit. Ex iure nemo repudiandae nostrum ea inventore dolores et.', 'ex', 620965805, NULL, '1973-12-13 19:35:08', '2019-02-10 00:44:02');
INSERT INTO `media` (`id`, `media_type_id`, `user_id`, `body`, `filename`, `size`, `metadata`, `created_at`, `updated_at`) VALUES ('96', '6', '186', 'Et quod reprehenderit nam sunt. Expedita omnis culpa at. Tempora eius deserunt ea harum. Autem laboriosam nihil dolorum nulla voluptatem sequi officiis quam.', 'qui', 451280538, NULL, '1980-06-30 13:58:28', '2005-12-07 06:44:05');
INSERT INTO `media` (`id`, `media_type_id`, `user_id`, `body`, `filename`, `size`, `metadata`, `created_at`, `updated_at`) VALUES ('97', '7', '188', 'Aut quis commodi dolores adipisci iste vitae repellendus. Praesentium eum nisi enim et. Repudiandae et aut quas laboriosam. Enim aut sapiente harum expedita reprehenderit.', 'consequatur', 2782, NULL, '1976-07-19 22:00:30', '1979-01-21 05:01:45');
INSERT INTO `media` (`id`, `media_type_id`, `user_id`, `body`, `filename`, `size`, `metadata`, `created_at`, `updated_at`) VALUES ('98', '8', '191', 'Qui ab minus ipsum ut sunt ut. Commodi sed blanditiis et autem asperiores.', 'sapiente', 92460543, NULL, '1993-08-05 08:22:07', '2015-02-14 14:23:31');
INSERT INTO `media` (`id`, `media_type_id`, `user_id`, `body`, `filename`, `size`, `metadata`, `created_at`, `updated_at`) VALUES ('99', '9', '194', 'Ipsam non dolores laudantium error unde non. Error est a est unde. Soluta suscipit et alias molestias dolorum consectetur perspiciatis. Accusantium doloribus omnis quasi nisi minus.', 'voluptas', 697500, NULL, '1991-11-29 10:30:00', '1995-03-14 07:54:24');
INSERT INTO `media` (`id`, `media_type_id`, `user_id`, `body`, `filename`, `size`, `metadata`, `created_at`, `updated_at`) VALUES ('100', '10', '195', 'Accusamus pariatur libero ipsum minima vitae possimus. Ex rem cum aut maiores sit. Ut magni ut maiores soluta dolore praesentium non iste. Sunt assumenda mollitia ea natus magnam beatae aspernatur omnis.', 'aliquam', 534992518, NULL, '2008-04-04 10:27:19', '1995-02-28 12:11:44');


#
# TABLE STRUCTURE FOR: likes
#

INSERT INTO `likes` (`id`, `user_id`, `media_id`, `created_at`) VALUES ('1', '101', '1', '1994-02-13 11:08:21');
INSERT INTO `likes` (`id`, `user_id`, `media_id`, `created_at`) VALUES ('2', '102', '2', '1987-07-14 13:42:29');
INSERT INTO `likes` (`id`, `user_id`, `media_id`, `created_at`) VALUES ('3', '103', '3', '1989-12-01 00:10:52');
INSERT INTO `likes` (`id`, `user_id`, `media_id`, `created_at`) VALUES ('4', '104', '4', '1981-03-30 20:14:16');
INSERT INTO `likes` (`id`, `user_id`, `media_id`, `created_at`) VALUES ('5', '105', '5', '2005-02-04 20:35:17');
INSERT INTO `likes` (`id`, `user_id`, `media_id`, `created_at`) VALUES ('6', '107', '6', '1981-04-18 19:41:56');
INSERT INTO `likes` (`id`, `user_id`, `media_id`, `created_at`) VALUES ('7', '108', '7', '2021-05-10 23:57:19');
INSERT INTO `likes` (`id`, `user_id`, `media_id`, `created_at`) VALUES ('8', '109', '8', '1983-10-30 10:32:22');
INSERT INTO `likes` (`id`, `user_id`, `media_id`, `created_at`) VALUES ('9', '110', '9', '1994-01-26 02:33:47');
INSERT INTO `likes` (`id`, `user_id`, `media_id`, `created_at`) VALUES ('10', '113', '10', '1988-08-03 23:33:47');
INSERT INTO `likes` (`id`, `user_id`, `media_id`, `created_at`) VALUES ('11', '115', '11', '2007-06-03 08:59:21');
INSERT INTO `likes` (`id`, `user_id`, `media_id`, `created_at`) VALUES ('12', '116', '12', '1974-03-10 13:27:11');
INSERT INTO `likes` (`id`, `user_id`, `media_id`, `created_at`) VALUES ('13', '120', '13', '1989-01-14 09:15:46');
INSERT INTO `likes` (`id`, `user_id`, `media_id`, `created_at`) VALUES ('14', '121', '14', '2004-01-18 17:21:00');
INSERT INTO `likes` (`id`, `user_id`, `media_id`, `created_at`) VALUES ('15', '122', '15', '1985-06-27 11:43:01');
INSERT INTO `likes` (`id`, `user_id`, `media_id`, `created_at`) VALUES ('16', '123', '16', '1991-06-27 10:31:06');
INSERT INTO `likes` (`id`, `user_id`, `media_id`, `created_at`) VALUES ('17', '124', '17', '2008-10-10 05:06:22');
INSERT INTO `likes` (`id`, `user_id`, `media_id`, `created_at`) VALUES ('18', '128', '18', '2020-05-19 21:04:33');
INSERT INTO `likes` (`id`, `user_id`, `media_id`, `created_at`) VALUES ('19', '131', '19', '1972-10-31 04:07:56');
INSERT INTO `likes` (`id`, `user_id`, `media_id`, `created_at`) VALUES ('20', '134', '20', '2001-02-18 14:26:40');
INSERT INTO `likes` (`id`, `user_id`, `media_id`, `created_at`) VALUES ('21', '136', '21', '1982-03-22 16:16:25');
INSERT INTO `likes` (`id`, `user_id`, `media_id`, `created_at`) VALUES ('22', '137', '22', '1999-05-21 00:38:11');
INSERT INTO `likes` (`id`, `user_id`, `media_id`, `created_at`) VALUES ('23', '139', '23', '2018-01-15 20:40:37');
INSERT INTO `likes` (`id`, `user_id`, `media_id`, `created_at`) VALUES ('24', '142', '24', '2002-01-15 16:43:33');
INSERT INTO `likes` (`id`, `user_id`, `media_id`, `created_at`) VALUES ('25', '146', '25', '1994-06-24 14:33:28');
INSERT INTO `likes` (`id`, `user_id`, `media_id`, `created_at`) VALUES ('26', '150', '26', '1988-11-28 18:28:21');
INSERT INTO `likes` (`id`, `user_id`, `media_id`, `created_at`) VALUES ('27', '152', '27', '1989-11-24 04:36:01');
INSERT INTO `likes` (`id`, `user_id`, `media_id`, `created_at`) VALUES ('28', '154', '28', '2013-03-26 16:15:30');
INSERT INTO `likes` (`id`, `user_id`, `media_id`, `created_at`) VALUES ('29', '155', '29', '2000-09-27 15:35:35');
INSERT INTO `likes` (`id`, `user_id`, `media_id`, `created_at`) VALUES ('30', '156', '30', '1998-02-03 00:45:00');
INSERT INTO `likes` (`id`, `user_id`, `media_id`, `created_at`) VALUES ('31', '157', '31', '1972-11-18 19:46:35');
INSERT INTO `likes` (`id`, `user_id`, `media_id`, `created_at`) VALUES ('32', '158', '32', '1991-10-31 07:18:33');
INSERT INTO `likes` (`id`, `user_id`, `media_id`, `created_at`) VALUES ('33', '163', '33', '1974-05-14 21:52:34');
INSERT INTO `likes` (`id`, `user_id`, `media_id`, `created_at`) VALUES ('34', '164', '34', '1982-12-28 00:20:48');
INSERT INTO `likes` (`id`, `user_id`, `media_id`, `created_at`) VALUES ('35', '166', '35', '1991-02-03 08:27:18');
INSERT INTO `likes` (`id`, `user_id`, `media_id`, `created_at`) VALUES ('36', '167', '36', '1994-10-07 05:05:25');
INSERT INTO `likes` (`id`, `user_id`, `media_id`, `created_at`) VALUES ('37', '169', '37', '1982-02-28 17:45:00');
INSERT INTO `likes` (`id`, `user_id`, `media_id`, `created_at`) VALUES ('38', '170', '38', '1974-08-24 02:03:27');
INSERT INTO `likes` (`id`, `user_id`, `media_id`, `created_at`) VALUES ('39', '175', '39', '2013-02-03 15:32:54');
INSERT INTO `likes` (`id`, `user_id`, `media_id`, `created_at`) VALUES ('40', '176', '40', '2010-07-02 07:38:33');
INSERT INTO `likes` (`id`, `user_id`, `media_id`, `created_at`) VALUES ('41', '177', '41', '1997-01-01 11:53:54');
INSERT INTO `likes` (`id`, `user_id`, `media_id`, `created_at`) VALUES ('42', '180', '42', '2010-06-15 16:10:36');
INSERT INTO `likes` (`id`, `user_id`, `media_id`, `created_at`) VALUES ('43', '181', '43', '2013-12-11 01:21:10');
INSERT INTO `likes` (`id`, `user_id`, `media_id`, `created_at`) VALUES ('44', '185', '44', '1981-08-07 00:28:44');
INSERT INTO `likes` (`id`, `user_id`, `media_id`, `created_at`) VALUES ('45', '186', '45', '2021-11-01 19:37:12');
INSERT INTO `likes` (`id`, `user_id`, `media_id`, `created_at`) VALUES ('46', '188', '46', '1990-01-20 10:34:03');
INSERT INTO `likes` (`id`, `user_id`, `media_id`, `created_at`) VALUES ('47', '191', '47', '1975-04-25 16:29:49');
INSERT INTO `likes` (`id`, `user_id`, `media_id`, `created_at`) VALUES ('48', '194', '48', '1974-04-08 16:24:10');
INSERT INTO `likes` (`id`, `user_id`, `media_id`, `created_at`) VALUES ('49', '195', '49', '2000-05-06 12:28:16');
INSERT INTO `likes` (`id`, `user_id`, `media_id`, `created_at`) VALUES ('50', '196', '50', '2000-11-09 11:43:29');
INSERT INTO `likes` (`id`, `user_id`, `media_id`, `created_at`) VALUES ('51', '199', '51', '1992-12-07 16:53:05');
INSERT INTO `likes` (`id`, `user_id`, `media_id`, `created_at`) VALUES ('52', '101', '52', '2000-01-29 07:06:19');
INSERT INTO `likes` (`id`, `user_id`, `media_id`, `created_at`) VALUES ('53', '102', '53', '1992-03-24 07:19:55');
INSERT INTO `likes` (`id`, `user_id`, `media_id`, `created_at`) VALUES ('54', '103', '54', '1974-08-24 17:09:26');
INSERT INTO `likes` (`id`, `user_id`, `media_id`, `created_at`) VALUES ('55', '104', '55', '2005-08-04 09:01:27');
INSERT INTO `likes` (`id`, `user_id`, `media_id`, `created_at`) VALUES ('56', '105', '56', '2019-03-20 16:00:22');
INSERT INTO `likes` (`id`, `user_id`, `media_id`, `created_at`) VALUES ('57', '107', '57', '1986-01-12 23:03:14');
INSERT INTO `likes` (`id`, `user_id`, `media_id`, `created_at`) VALUES ('58', '108', '58', '1987-01-26 05:08:47');
INSERT INTO `likes` (`id`, `user_id`, `media_id`, `created_at`) VALUES ('59', '109', '59', '1993-03-15 12:52:26');
INSERT INTO `likes` (`id`, `user_id`, `media_id`, `created_at`) VALUES ('60', '110', '60', '1977-10-02 18:47:24');
INSERT INTO `likes` (`id`, `user_id`, `media_id`, `created_at`) VALUES ('61', '113', '61', '1977-10-25 01:29:54');
INSERT INTO `likes` (`id`, `user_id`, `media_id`, `created_at`) VALUES ('62', '115', '62', '2013-05-12 09:16:24');
INSERT INTO `likes` (`id`, `user_id`, `media_id`, `created_at`) VALUES ('63', '116', '63', '2002-03-21 14:17:20');
INSERT INTO `likes` (`id`, `user_id`, `media_id`, `created_at`) VALUES ('64', '120', '64', '2017-12-29 04:54:28');
INSERT INTO `likes` (`id`, `user_id`, `media_id`, `created_at`) VALUES ('65', '121', '65', '1974-12-28 12:08:54');
INSERT INTO `likes` (`id`, `user_id`, `media_id`, `created_at`) VALUES ('66', '122', '66', '2006-08-08 03:22:58');
INSERT INTO `likes` (`id`, `user_id`, `media_id`, `created_at`) VALUES ('67', '123', '67', '1982-05-20 20:42:08');
INSERT INTO `likes` (`id`, `user_id`, `media_id`, `created_at`) VALUES ('68', '124', '68', '2019-09-02 08:28:59');
INSERT INTO `likes` (`id`, `user_id`, `media_id`, `created_at`) VALUES ('69', '128', '69', '1989-10-29 16:43:46');
INSERT INTO `likes` (`id`, `user_id`, `media_id`, `created_at`) VALUES ('70', '131', '70', '1972-07-17 03:06:05');
INSERT INTO `likes` (`id`, `user_id`, `media_id`, `created_at`) VALUES ('71', '134', '71', '2020-06-23 07:06:59');
INSERT INTO `likes` (`id`, `user_id`, `media_id`, `created_at`) VALUES ('72', '136', '72', '2016-07-09 10:29:30');
INSERT INTO `likes` (`id`, `user_id`, `media_id`, `created_at`) VALUES ('73', '137', '73', '1991-06-07 01:22:10');
INSERT INTO `likes` (`id`, `user_id`, `media_id`, `created_at`) VALUES ('74', '139', '74', '2006-06-07 17:15:19');
INSERT INTO `likes` (`id`, `user_id`, `media_id`, `created_at`) VALUES ('75', '142', '75', '2019-09-10 02:11:56');
INSERT INTO `likes` (`id`, `user_id`, `media_id`, `created_at`) VALUES ('76', '146', '76', '1972-03-05 12:44:53');
INSERT INTO `likes` (`id`, `user_id`, `media_id`, `created_at`) VALUES ('77', '150', '77', '1974-06-24 00:50:50');
INSERT INTO `likes` (`id`, `user_id`, `media_id`, `created_at`) VALUES ('78', '152', '78', '2018-10-01 23:51:13');
INSERT INTO `likes` (`id`, `user_id`, `media_id`, `created_at`) VALUES ('79', '154', '79', '1979-05-22 04:45:34');
INSERT INTO `likes` (`id`, `user_id`, `media_id`, `created_at`) VALUES ('80', '155', '80', '1970-09-29 05:08:57');
INSERT INTO `likes` (`id`, `user_id`, `media_id`, `created_at`) VALUES ('81', '156', '81', '1981-03-01 20:45:31');
INSERT INTO `likes` (`id`, `user_id`, `media_id`, `created_at`) VALUES ('82', '157', '82', '2015-10-11 08:27:51');
INSERT INTO `likes` (`id`, `user_id`, `media_id`, `created_at`) VALUES ('83', '158', '83', '1978-10-05 12:43:47');
INSERT INTO `likes` (`id`, `user_id`, `media_id`, `created_at`) VALUES ('84', '163', '84', '2019-12-06 07:46:24');
INSERT INTO `likes` (`id`, `user_id`, `media_id`, `created_at`) VALUES ('85', '164', '85', '2009-09-01 04:08:34');
INSERT INTO `likes` (`id`, `user_id`, `media_id`, `created_at`) VALUES ('86', '166', '86', '1979-07-09 16:43:34');
INSERT INTO `likes` (`id`, `user_id`, `media_id`, `created_at`) VALUES ('87', '167', '87', '2016-05-24 21:35:49');
INSERT INTO `likes` (`id`, `user_id`, `media_id`, `created_at`) VALUES ('88', '169', '88', '2004-02-08 08:20:55');
INSERT INTO `likes` (`id`, `user_id`, `media_id`, `created_at`) VALUES ('89', '170', '89', '1996-07-29 07:57:32');
INSERT INTO `likes` (`id`, `user_id`, `media_id`, `created_at`) VALUES ('90', '175', '90', '2011-06-27 16:58:10');
INSERT INTO `likes` (`id`, `user_id`, `media_id`, `created_at`) VALUES ('91', '176', '91', '2015-12-10 08:28:12');
INSERT INTO `likes` (`id`, `user_id`, `media_id`, `created_at`) VALUES ('92', '177', '92', '2000-07-01 14:50:26');
INSERT INTO `likes` (`id`, `user_id`, `media_id`, `created_at`) VALUES ('93', '180', '93', '1980-08-13 01:17:28');
INSERT INTO `likes` (`id`, `user_id`, `media_id`, `created_at`) VALUES ('94', '181', '94', '2019-03-25 03:45:53');
INSERT INTO `likes` (`id`, `user_id`, `media_id`, `created_at`) VALUES ('95', '185', '95', '2021-08-21 15:02:31');
INSERT INTO `likes` (`id`, `user_id`, `media_id`, `created_at`) VALUES ('96', '186', '96', '1999-12-05 04:32:21');
INSERT INTO `likes` (`id`, `user_id`, `media_id`, `created_at`) VALUES ('97', '188', '97', '2021-09-06 00:08:25');
INSERT INTO `likes` (`id`, `user_id`, `media_id`, `created_at`) VALUES ('98', '191', '98', '1995-10-29 00:45:48');
INSERT INTO `likes` (`id`, `user_id`, `media_id`, `created_at`) VALUES ('99', '194', '99', '1972-05-24 15:55:14');
INSERT INTO `likes` (`id`, `user_id`, `media_id`, `created_at`) VALUES ('100', '195', '100', '1980-06-28 11:39:11');


#
# TABLE STRUCTURE FOR: messages
#


INSERT INTO `messages` (`id`, `from_user_id`, `to_user_id`, `body`, `created_at`) VALUES ('1', '101', '101', 'Qui odio qui autem dolore voluptatem. Vel et ut illo non necessitatibus. Repellendus accusamus enim qui. Molestiae esse ea distinctio consectetur. Quia sit ut est natus velit.', '2003-06-04 14:17:16');
INSERT INTO `messages` (`id`, `from_user_id`, `to_user_id`, `body`, `created_at`) VALUES ('2', '102', '102', 'Ut labore voluptatibus non. Sunt dolore qui suscipit exercitationem laboriosam dolor ullam. Consequatur sed quis voluptatum veritatis nisi voluptatem eos. Quod porro eos et unde culpa.', '1976-09-25 22:12:46');
INSERT INTO `messages` (`id`, `from_user_id`, `to_user_id`, `body`, `created_at`) VALUES ('3', '103', '103', 'Velit et temporibus id praesentium assumenda assumenda. Modi in placeat facere recusandae. Maiores tempora et alias aut doloribus quasi occaecati voluptatem. Laborum vel incidunt libero hic possimus consequatur sint.', '1988-02-22 17:09:57');
INSERT INTO `messages` (`id`, `from_user_id`, `to_user_id`, `body`, `created_at`) VALUES ('4', '104', '104', 'Aut eos aut ipsa architecto eveniet optio voluptatibus. A quis aut quaerat dolore voluptas. Sint doloribus ipsa non dolor sit esse. Consequatur dolor rerum commodi.', '2013-02-06 05:06:22');
INSERT INTO `messages` (`id`, `from_user_id`, `to_user_id`, `body`, `created_at`) VALUES ('5', '105', '105', 'Rerum ratione qui doloremque ea distinctio officia quis. Quis sequi non eligendi tenetur. Ut commodi voluptates et atque perferendis. Voluptas voluptatem voluptatum est.', '2009-12-29 21:06:16');
INSERT INTO `messages` (`id`, `from_user_id`, `to_user_id`, `body`, `created_at`) VALUES ('6', '107', '107', 'Expedita et saepe reiciendis praesentium labore reprehenderit debitis voluptatem. Odit numquam est quidem quidem consequatur.', '1991-01-19 13:09:24');
INSERT INTO `messages` (`id`, `from_user_id`, `to_user_id`, `body`, `created_at`) VALUES ('7', '108', '108', 'Repudiandae officia doloremque fuga. Natus vero molestiae perferendis similique expedita. Nihil nihil in sequi voluptatem et est.', '1972-07-22 11:14:41');
INSERT INTO `messages` (`id`, `from_user_id`, `to_user_id`, `body`, `created_at`) VALUES ('8', '109', '109', 'In sed mollitia ab aut quo dolorem voluptas. Nisi est minus ullam nobis. Perspiciatis magnam provident odio vel eos odio.', '1991-09-17 10:09:24');
INSERT INTO `messages` (`id`, `from_user_id`, `to_user_id`, `body`, `created_at`) VALUES ('9', '110', '110', 'Sed odio ipsum exercitationem est magni rerum. Suscipit ut inventore earum. Fugit assumenda temporibus aut deserunt quo praesentium. Non quaerat consequuntur et est.', '1978-06-23 23:16:14');
INSERT INTO `messages` (`id`, `from_user_id`, `to_user_id`, `body`, `created_at`) VALUES ('10', '113', '113', 'Repellat error ut numquam. Laboriosam ut soluta quaerat voluptatem consequuntur voluptatem assumenda. Repellat cum quibusdam est dolores autem perspiciatis quia.', '1976-08-04 06:01:01');
INSERT INTO `messages` (`id`, `from_user_id`, `to_user_id`, `body`, `created_at`) VALUES ('11', '115', '115', 'Dolores sit sit autem reiciendis debitis voluptates eum doloremque. Qui dolore quidem earum impedit et. Enim reiciendis sint aut impedit temporibus quis natus et.', '1979-12-05 09:17:13');
INSERT INTO `messages` (`id`, `from_user_id`, `to_user_id`, `body`, `created_at`) VALUES ('12', '116', '116', 'Asperiores aut est voluptas exercitationem sunt expedita quod. Enim fugiat qui est temporibus numquam. Voluptatem minus possimus velit accusantium qui quos magnam.', '1973-04-25 11:56:08');
INSERT INTO `messages` (`id`, `from_user_id`, `to_user_id`, `body`, `created_at`) VALUES ('13', '120', '120', 'Beatae harum est non doloribus. Fugit qui autem asperiores a illum sed. Et incidunt rerum quidem aut non.', '2014-11-22 21:22:09');
INSERT INTO `messages` (`id`, `from_user_id`, `to_user_id`, `body`, `created_at`) VALUES ('14', '121', '121', 'Ea laudantium sit veritatis atque. Nulla aut quidem odio sunt magni. Ea eum dicta et culpa.', '1995-11-22 02:16:37');
INSERT INTO `messages` (`id`, `from_user_id`, `to_user_id`, `body`, `created_at`) VALUES ('15', '122', '122', 'Quidem repudiandae non ut doloribus doloremque nihil provident. Illo consequatur sapiente est sint dolor sit tempore. Sunt repellendus et similique velit numquam nemo sed. Minus at possimus cumque eos deleniti veritatis quia incidunt.', '1994-12-14 11:13:27');
INSERT INTO `messages` (`id`, `from_user_id`, `to_user_id`, `body`, `created_at`) VALUES ('16', '123', '123', 'Doloremque impedit maxime nisi unde provident tempora in. Nihil et optio sit ea. Aliquam quis dolorem et deleniti neque maiores. Sit ratione ullam quos ut.', '2013-11-05 07:31:16');
INSERT INTO `messages` (`id`, `from_user_id`, `to_user_id`, `body`, `created_at`) VALUES ('17', '124', '124', 'Dolores sequi et corrupti sed. Voluptas assumenda distinctio fuga voluptatem impedit in. Numquam enim non molestiae voluptatibus cum reiciendis molestias. Fugit voluptas nesciunt adipisci quaerat possimus. Quidem ut porro consequatur odio.', '1971-05-05 09:01:50');
INSERT INTO `messages` (`id`, `from_user_id`, `to_user_id`, `body`, `created_at`) VALUES ('18', '128', '128', 'Quod et facilis amet aut velit. Consectetur tempora eius repudiandae unde. Hic ullam et modi et. Excepturi cum praesentium aut. Accusantium iure sit et aut nesciunt eius.', '1985-01-07 00:37:27');
INSERT INTO `messages` (`id`, `from_user_id`, `to_user_id`, `body`, `created_at`) VALUES ('19', '131', '131', 'Id ut et hic laborum et. Itaque eius est illum sed. Nesciunt accusantium sint est enim maxime. Alias et possimus dicta amet.', '2020-02-09 01:06:39');
INSERT INTO `messages` (`id`, `from_user_id`, `to_user_id`, `body`, `created_at`) VALUES ('20', '134', '134', 'Natus at repellat dolor dolore tempora. Et quas neque atque illo doloribus. Eum quia aut sint et molestiae velit. Quis ad reiciendis sit eum et.', '1992-04-26 22:40:19');
INSERT INTO `messages` (`id`, `from_user_id`, `to_user_id`, `body`, `created_at`) VALUES ('21', '136', '136', 'Autem mollitia iste dolores aliquam recusandae velit. Aut dolorem aliquam vitae minus debitis. Quidem architecto voluptatibus ut repellat vel.', '2017-06-18 04:25:44');
INSERT INTO `messages` (`id`, `from_user_id`, `to_user_id`, `body`, `created_at`) VALUES ('22', '137', '137', 'Velit rerum perspiciatis soluta necessitatibus dolore quia. Quis tempora cum quod et non provident. Veniam facere molestiae aspernatur. Dolorem explicabo dolor sint esse sed.', '1987-05-10 07:30:14');
INSERT INTO `messages` (`id`, `from_user_id`, `to_user_id`, `body`, `created_at`) VALUES ('23', '139', '139', 'Eos dolores unde et ad. Placeat et reiciendis nisi. Id voluptas occaecati et neque saepe. Facilis voluptas ipsa rem accusantium eveniet.', '1985-03-02 06:53:51');
INSERT INTO `messages` (`id`, `from_user_id`, `to_user_id`, `body`, `created_at`) VALUES ('24', '142', '142', 'Sapiente reiciendis quo qui dolore nihil veritatis praesentium. Qui voluptates veritatis voluptas expedita facilis in. Quo tenetur soluta omnis quia. Rerum impedit error et quaerat animi doloribus quidem.', '1986-10-28 06:43:14');
INSERT INTO `messages` (`id`, `from_user_id`, `to_user_id`, `body`, `created_at`) VALUES ('25', '146', '146', 'Placeat aliquid quia rem ut quisquam. Sunt fugit quia fugiat rerum occaecati officiis. Maxime expedita deserunt non.', '2008-07-27 03:06:16');
INSERT INTO `messages` (`id`, `from_user_id`, `to_user_id`, `body`, `created_at`) VALUES ('26', '150', '150', 'Aut mollitia sed sint. Illo consequatur qui voluptas voluptatem odio corrupti praesentium recusandae. Dolorum et nostrum placeat voluptatem beatae beatae molestiae.', '2012-11-25 01:18:53');
INSERT INTO `messages` (`id`, `from_user_id`, `to_user_id`, `body`, `created_at`) VALUES ('27', '152', '152', 'Quisquam odit corporis perspiciatis dicta odio facere est. Fugiat adipisci odio rerum cumque. Deserunt facilis non eveniet et dolores.', '2021-11-21 09:50:40');
INSERT INTO `messages` (`id`, `from_user_id`, `to_user_id`, `body`, `created_at`) VALUES ('28', '154', '154', 'Ea pariatur adipisci omnis eveniet. Voluptatem temporibus asperiores ut dolor sint nisi molestiae. Autem et facilis nostrum nostrum saepe. Ea est ea quos a numquam cupiditate eveniet. Quisquam aspernatur porro esse necessitatibus consequatur odio.', '2021-07-11 17:11:43');
INSERT INTO `messages` (`id`, `from_user_id`, `to_user_id`, `body`, `created_at`) VALUES ('29', '155', '155', 'Enim animi porro rerum voluptate similique. Et dolores rerum dolores corrupti sapiente enim eaque. Odit autem consequatur saepe dolorum provident quis.', '1981-11-14 16:05:38');
INSERT INTO `messages` (`id`, `from_user_id`, `to_user_id`, `body`, `created_at`) VALUES ('30', '156', '156', 'Vero sint sunt voluptas aut quas rerum. Est enim et doloremque quam molestiae excepturi.', '1995-10-14 12:14:15');
INSERT INTO `messages` (`id`, `from_user_id`, `to_user_id`, `body`, `created_at`) VALUES ('31', '157', '157', 'Inventore eius ut fugiat eos quibusdam. Dolorem et quia repellendus alias. Alias minima itaque sit rerum. Impedit qui sunt aliquid et eum ipsum. Id laudantium quo pariatur sed saepe dolor et.', '1997-06-03 14:58:35');
INSERT INTO `messages` (`id`, `from_user_id`, `to_user_id`, `body`, `created_at`) VALUES ('32', '158', '158', 'Ut sunt error corrupti quia. Libero a ipsam rerum quia adipisci amet. Sed unde sit ut. Rerum laboriosam praesentium corporis natus velit.', '2013-07-17 01:40:11');
INSERT INTO `messages` (`id`, `from_user_id`, `to_user_id`, `body`, `created_at`) VALUES ('33', '163', '163', 'Voluptatem rerum molestiae unde qui quia. Dolorum non nostrum a. Quidem perspiciatis nulla ut id aut.', '1993-01-15 17:04:35');
INSERT INTO `messages` (`id`, `from_user_id`, `to_user_id`, `body`, `created_at`) VALUES ('34', '164', '164', 'Id non ea assumenda blanditiis voluptatem. Facere laudantium neque quia. Pariatur quos officiis consequatur sit reiciendis neque.', '1978-12-15 16:09:59');
INSERT INTO `messages` (`id`, `from_user_id`, `to_user_id`, `body`, `created_at`) VALUES ('35', '166', '166', 'Autem aut laboriosam tenetur vero autem similique. Repudiandae voluptatum autem dolorem sit culpa. Aliquid voluptate quis commodi accusamus perferendis. Consequuntur eum esse qui enim in exercitationem.', '2011-05-25 13:27:10');
INSERT INTO `messages` (`id`, `from_user_id`, `to_user_id`, `body`, `created_at`) VALUES ('36', '167', '167', 'Quo dolores repudiandae omnis nihil maiores quas. A ut quibusdam distinctio aut aut. Temporibus voluptatem inventore animi itaque dolore iusto amet.', '1996-04-20 01:35:49');
INSERT INTO `messages` (`id`, `from_user_id`, `to_user_id`, `body`, `created_at`) VALUES ('37', '169', '169', 'Eaque praesentium odio temporibus rerum. Blanditiis velit ea velit ut similique. Debitis impedit dolores hic et debitis. Quo et consectetur voluptatem veritatis quisquam et.', '1973-04-23 14:08:30');
INSERT INTO `messages` (`id`, `from_user_id`, `to_user_id`, `body`, `created_at`) VALUES ('38', '170', '170', 'Iste incidunt et distinctio illum ut reprehenderit voluptatem officiis. Amet minima enim hic saepe. Quia beatae aut facere et excepturi voluptatem.', '1975-01-13 12:55:22');
INSERT INTO `messages` (`id`, `from_user_id`, `to_user_id`, `body`, `created_at`) VALUES ('39', '175', '175', 'Molestias mollitia dicta repellat assumenda ipsa corrupti. In ratione laborum recusandae rerum. Delectus veniam cumque reiciendis aliquid.', '1984-03-28 05:37:31');
INSERT INTO `messages` (`id`, `from_user_id`, `to_user_id`, `body`, `created_at`) VALUES ('40', '176', '176', 'Perspiciatis alias qui minima fugiat sequi repellendus. Sint reprehenderit inventore nobis sunt dicta qui. Nobis ut neque quis et quo quod aut ex. Repellendus pariatur ut similique dolores soluta aut esse et.', '1995-05-13 13:08:41');
INSERT INTO `messages` (`id`, `from_user_id`, `to_user_id`, `body`, `created_at`) VALUES ('41', '177', '177', 'Atque dicta rerum officia facere corporis. Placeat qui quaerat est fugiat cum quibusdam vero. Temporibus cumque officia sapiente odio sed. Quibusdam neque rem non totam enim quibusdam quibusdam.', '1991-09-29 20:53:36');
INSERT INTO `messages` (`id`, `from_user_id`, `to_user_id`, `body`, `created_at`) VALUES ('42', '180', '180', 'Nisi perferendis magni qui corporis. Fugit deserunt quo quo facilis. Asperiores cumque totam ut et harum in laborum. Omnis totam ex odit a nisi ipsa nisi. Voluptates quibusdam sed perspiciatis cum eum.', '1981-12-08 00:08:27');
INSERT INTO `messages` (`id`, `from_user_id`, `to_user_id`, `body`, `created_at`) VALUES ('43', '181', '181', 'Eos quis neque similique officiis velit fugiat autem. Adipisci ut harum consequuntur. Animi facilis dolores dolorum omnis unde voluptatem pariatur voluptas. Quisquam exercitationem rerum sapiente neque odio est.', '1990-01-10 04:09:19');
INSERT INTO `messages` (`id`, `from_user_id`, `to_user_id`, `body`, `created_at`) VALUES ('44', '185', '185', 'Similique quam quam ea eligendi distinctio ex. Sapiente minus nulla voluptatum tempore. Ratione tenetur aut praesentium dignissimos nobis ut delectus. In et et voluptas nihil reprehenderit veniam. Quidem voluptates nihil enim in.', '1977-10-12 19:02:02');
INSERT INTO `messages` (`id`, `from_user_id`, `to_user_id`, `body`, `created_at`) VALUES ('45', '186', '186', 'Pariatur sit est qui fuga sit libero. Saepe temporibus qui excepturi rerum eligendi.', '1999-04-17 22:56:24');
INSERT INTO `messages` (`id`, `from_user_id`, `to_user_id`, `body`, `created_at`) VALUES ('46', '188', '188', 'Eos temporibus officiis sed dolor suscipit debitis. Maxime voluptas esse quia laborum libero. Eveniet quia est occaecati minus.', '1988-09-14 21:53:48');
INSERT INTO `messages` (`id`, `from_user_id`, `to_user_id`, `body`, `created_at`) VALUES ('47', '191', '191', 'Quo debitis expedita non error nam ut enim. Occaecati dolore tenetur et est. Et tenetur aut occaecati voluptatem est recusandae. Et sapiente culpa voluptas dolorum.', '1982-02-01 23:35:11');
INSERT INTO `messages` (`id`, `from_user_id`, `to_user_id`, `body`, `created_at`) VALUES ('48', '194', '194', 'Alias est itaque asperiores rerum animi facere. Facere error laudantium repellat et et. Est labore est vitae voluptatem.', '1993-10-01 04:28:09');
INSERT INTO `messages` (`id`, `from_user_id`, `to_user_id`, `body`, `created_at`) VALUES ('49', '195', '195', 'Qui delectus harum libero quibusdam temporibus ea. Eius quia asperiores nulla possimus dolores debitis numquam. Fugit magni qui natus maiores.', '1982-08-21 01:49:17');
INSERT INTO `messages` (`id`, `from_user_id`, `to_user_id`, `body`, `created_at`) VALUES ('50', '196', '196', 'Ipsam doloremque ut exercitationem et non vel fugit voluptatibus. Autem quia eos consequatur tempore eaque. Omnis quia vel nihil est fuga id.', '1987-12-10 05:13:56');
INSERT INTO `messages` (`id`, `from_user_id`, `to_user_id`, `body`, `created_at`) VALUES ('51', '199', '199', 'Quia ea illo voluptate. Nisi consequatur accusamus minima voluptates. Omnis et et nam nesciunt. Esse et ab a voluptatibus voluptates qui animi.', '1983-10-22 07:20:24');
INSERT INTO `messages` (`id`, `from_user_id`, `to_user_id`, `body`, `created_at`) VALUES ('52', '101', '101', 'Nostrum itaque et tempore. Unde ut magnam vitae odio sint sit ut. Quia unde inventore dolores veniam soluta. Accusantium illum et quia suscipit provident aperiam cupiditate.', '1986-04-07 04:32:50');
INSERT INTO `messages` (`id`, `from_user_id`, `to_user_id`, `body`, `created_at`) VALUES ('53', '102', '102', 'Rerum illo quasi accusamus. Cupiditate qui eos ut ipsam ullam. Est qui dolore cumque at quod. Est qui labore qui animi facere. Soluta qui reprehenderit fuga dolor.', '2019-04-24 03:27:08');
INSERT INTO `messages` (`id`, `from_user_id`, `to_user_id`, `body`, `created_at`) VALUES ('54', '103', '103', 'Delectus omnis autem corrupti ea nemo. Hic incidunt nisi quia dolorem recusandae atque sed.', '2021-03-16 20:23:20');
INSERT INTO `messages` (`id`, `from_user_id`, `to_user_id`, `body`, `created_at`) VALUES ('55', '104', '104', 'Et quod autem aut non est nulla asperiores suscipit. Sed ratione harum quia dolorem nisi. Est itaque fuga blanditiis.', '1982-06-11 05:00:45');
INSERT INTO `messages` (`id`, `from_user_id`, `to_user_id`, `body`, `created_at`) VALUES ('56', '105', '105', 'Iusto assumenda rem et omnis dolorem tenetur. Vel et sunt sunt et vel. Voluptas nobis sequi sit ad.', '2002-01-26 01:12:07');
INSERT INTO `messages` (`id`, `from_user_id`, `to_user_id`, `body`, `created_at`) VALUES ('57', '107', '107', 'Quod quisquam voluptatum vero est et voluptates. Ut consequatur et magnam vel aperiam. Et ut nihil officia dolor voluptatum vero occaecati dolores. Quo est iure velit ea.', '1980-07-29 23:57:44');
INSERT INTO `messages` (`id`, `from_user_id`, `to_user_id`, `body`, `created_at`) VALUES ('58', '108', '108', 'Culpa delectus rem deserunt consequatur inventore ea quaerat. Qui facere occaecati ad et est est possimus voluptatem. Ut suscipit adipisci temporibus cum laborum nostrum alias quidem.', '2018-10-30 00:32:27');
INSERT INTO `messages` (`id`, `from_user_id`, `to_user_id`, `body`, `created_at`) VALUES ('59', '109', '109', 'Sed sequi voluptas doloribus itaque. Eaque consequuntur quo maxime quaerat. Quis voluptatem qui rem eos labore itaque. Et placeat ut eum delectus sunt.', '1982-11-19 08:05:47');
INSERT INTO `messages` (`id`, `from_user_id`, `to_user_id`, `body`, `created_at`) VALUES ('60', '110', '110', 'Praesentium eveniet eum libero dicta sit autem. Ad non officia necessitatibus sint delectus alias eligendi vel. Totam sequi molestiae quia officiis hic ullam beatae ullam. Aliquid temporibus quisquam vero dolorum.', '2003-07-16 16:26:22');
INSERT INTO `messages` (`id`, `from_user_id`, `to_user_id`, `body`, `created_at`) VALUES ('61', '113', '113', 'Tenetur facilis veritatis expedita enim ullam quod. At quod accusantium minima quisquam molestiae corrupti quae. Iste labore iure debitis maxime sint impedit consequatur. Deleniti qui voluptatem omnis rerum non sed ea quibusdam. Sint sed quos culpa ex.', '1985-05-19 19:35:43');
INSERT INTO `messages` (`id`, `from_user_id`, `to_user_id`, `body`, `created_at`) VALUES ('62', '115', '115', 'Dolores fugiat necessitatibus eligendi non numquam. Non maxime laboriosam sint aliquid laboriosam qui. Sit voluptate rem suscipit omnis pariatur qui reprehenderit.', '1986-07-02 16:39:59');
INSERT INTO `messages` (`id`, `from_user_id`, `to_user_id`, `body`, `created_at`) VALUES ('63', '116', '116', 'Voluptatem eaque et nisi asperiores tempore eaque. Asperiores nemo dolores aliquid. Sunt error facilis aut illum quia modi. Delectus nihil corporis eveniet et.', '1995-07-08 07:29:00');
INSERT INTO `messages` (`id`, `from_user_id`, `to_user_id`, `body`, `created_at`) VALUES ('64', '120', '120', 'Nesciunt inventore minima quos laborum est voluptatem eos autem. Alias totam dolores quas rerum autem culpa. Dolorem sunt sint sapiente dolorum neque perferendis et.', '1987-07-12 08:44:14');
INSERT INTO `messages` (`id`, `from_user_id`, `to_user_id`, `body`, `created_at`) VALUES ('65', '121', '121', 'Soluta hic labore voluptas commodi. Et recusandae consequatur sapiente molestias. Non quam sit ullam ut fuga earum. Magni qui aliquam quas ab inventore.', '1983-03-25 16:12:14');
INSERT INTO `messages` (`id`, `from_user_id`, `to_user_id`, `body`, `created_at`) VALUES ('66', '122', '122', 'Dolor vitae qui nihil quidem aspernatur. Blanditiis qui dolore ullam qui. Voluptatem placeat quidem nemo soluta eius maxime occaecati. Aut autem placeat eius atque velit aut atque.', '2020-11-01 11:43:15');
INSERT INTO `messages` (`id`, `from_user_id`, `to_user_id`, `body`, `created_at`) VALUES ('67', '123', '123', 'Quisquam natus ipsum sit maxime. Id totam sequi dignissimos nemo voluptatem nesciunt temporibus. Unde veritatis qui vel sit reprehenderit voluptates alias. Nemo molestiae autem quod commodi veniam et veritatis.', '1979-08-31 07:21:07');
INSERT INTO `messages` (`id`, `from_user_id`, `to_user_id`, `body`, `created_at`) VALUES ('68', '124', '124', 'Eligendi quidem molestiae nihil dolor delectus. Maxime modi dolorem quis. Numquam non modi incidunt.', '1977-05-20 08:26:01');
INSERT INTO `messages` (`id`, `from_user_id`, `to_user_id`, `body`, `created_at`) VALUES ('69', '128', '128', 'Sit consequuntur incidunt iste omnis reprehenderit possimus voluptates. Et neque fuga nam dolore qui ad sed.', '1998-05-01 02:16:44');
INSERT INTO `messages` (`id`, `from_user_id`, `to_user_id`, `body`, `created_at`) VALUES ('70', '131', '131', 'Eligendi sit provident ex harum saepe blanditiis a. Distinctio explicabo qui perferendis est non. Ut porro dolore laboriosam quis beatae laboriosam ad. Voluptatem tenetur quia saepe nostrum laborum.', '2021-03-24 04:59:36');
INSERT INTO `messages` (`id`, `from_user_id`, `to_user_id`, `body`, `created_at`) VALUES ('71', '134', '134', 'Laudantium voluptatem inventore magnam libero consectetur. Magni quis officiis quibusdam sit quaerat.', '1997-04-07 00:43:59');
INSERT INTO `messages` (`id`, `from_user_id`, `to_user_id`, `body`, `created_at`) VALUES ('72', '136', '136', 'Modi numquam et sit eligendi vel officiis eos. Laborum fugiat quidem vel aut eaque. Neque neque repudiandae repellat itaque et voluptatibus sit.', '1973-08-07 07:51:11');
INSERT INTO `messages` (`id`, `from_user_id`, `to_user_id`, `body`, `created_at`) VALUES ('73', '137', '137', 'Est quasi autem atque deserunt ipsam. Accusamus fuga neque maxime magni quia dolore ipsum.', '2016-05-04 10:38:50');
INSERT INTO `messages` (`id`, `from_user_id`, `to_user_id`, `body`, `created_at`) VALUES ('74', '139', '139', 'Et ea asperiores accusamus laudantium vitae. Est hic rerum veritatis eius dolore perferendis. Aut enim tempore voluptas consequuntur.', '1989-10-20 11:38:49');
INSERT INTO `messages` (`id`, `from_user_id`, `to_user_id`, `body`, `created_at`) VALUES ('75', '142', '142', 'Velit itaque alias sint ratione rerum possimus voluptatum. Delectus non aliquid eum cumque consequatur sunt omnis sapiente. Neque optio recusandae voluptatem consectetur distinctio unde.', '2016-12-13 04:05:14');
INSERT INTO `messages` (`id`, `from_user_id`, `to_user_id`, `body`, `created_at`) VALUES ('76', '146', '146', 'Qui id exercitationem quam iure nulla perspiciatis ipsa nemo. Fuga enim dicta aut sed est non officiis. Asperiores consequuntur quia dolorem ducimus dignissimos error placeat. Vitae possimus qui id dolores.', '1982-05-22 21:12:39');
INSERT INTO `messages` (`id`, `from_user_id`, `to_user_id`, `body`, `created_at`) VALUES ('77', '150', '150', 'Molestiae cum quis ipsa repudiandae iure. Animi sed perspiciatis reiciendis consequuntur doloribus dicta nostrum. Vel ut ratione sapiente repellendus eligendi iste natus. Dolorum quam molestiae velit at ex id.', '1977-06-28 11:37:30');
INSERT INTO `messages` (`id`, `from_user_id`, `to_user_id`, `body`, `created_at`) VALUES ('78', '152', '152', 'Nulla qui sit exercitationem cum omnis dolores dignissimos. Laboriosam sint exercitationem atque similique possimus quasi. Asperiores autem omnis rerum alias ea asperiores animi.', '1983-02-28 06:59:15');
INSERT INTO `messages` (`id`, `from_user_id`, `to_user_id`, `body`, `created_at`) VALUES ('79', '154', '154', 'Fuga qui assumenda magni molestiae quo a. Aut et nostrum ducimus ut dolorum. Laborum fugiat harum dolores repudiandae quia.', '2015-03-01 19:23:11');
INSERT INTO `messages` (`id`, `from_user_id`, `to_user_id`, `body`, `created_at`) VALUES ('80', '155', '155', 'Vel consequatur doloremque magni ad unde nam. Tenetur voluptatibus odio nostrum iure quidem aut. Voluptas sed et recusandae rerum laboriosam. Voluptas rem sunt pariatur deserunt.', '1971-02-19 09:18:49');
INSERT INTO `messages` (`id`, `from_user_id`, `to_user_id`, `body`, `created_at`) VALUES ('81', '156', '156', 'Reprehenderit blanditiis saepe quidem ex et. Magni totam doloribus blanditiis. Voluptatem fuga aut omnis provident.', '2012-09-26 03:44:38');
INSERT INTO `messages` (`id`, `from_user_id`, `to_user_id`, `body`, `created_at`) VALUES ('82', '157', '157', 'Quis voluptatem repudiandae voluptas a ad. Corrupti libero enim architecto quia. Sit laudantium similique voluptas sit et nulla nostrum. Molestiae voluptas dolorem odit alias voluptate nostrum.', '2005-05-27 07:44:07');
INSERT INTO `messages` (`id`, `from_user_id`, `to_user_id`, `body`, `created_at`) VALUES ('83', '158', '158', 'Molestiae et sunt ut ut similique ducimus. Eaque provident atque velit fuga. In similique a modi ducimus ipsam consequatur veniam. Officia eveniet nostrum quo debitis voluptas omnis reprehenderit facilis.', '2004-08-19 08:13:05');
INSERT INTO `messages` (`id`, `from_user_id`, `to_user_id`, `body`, `created_at`) VALUES ('84', '163', '163', 'Perspiciatis ut aut ex. Tempore iusto dolorem quae aut aperiam consectetur voluptatem quisquam. Quia tempora dolore autem sint fugiat perferendis. Esse eos non voluptatibus magnam quos laborum non.', '2016-04-14 09:34:15');
INSERT INTO `messages` (`id`, `from_user_id`, `to_user_id`, `body`, `created_at`) VALUES ('85', '164', '164', 'Suscipit ipsa architecto esse omnis illo. Iste ex veniam sunt aut. Et rerum ab necessitatibus quia vel. Consequatur tempora tenetur et sed sunt.', '1986-04-12 12:06:00');
INSERT INTO `messages` (`id`, `from_user_id`, `to_user_id`, `body`, `created_at`) VALUES ('86', '166', '166', 'Animi id voluptatum culpa ut qui veritatis id. Blanditiis et eligendi voluptatem consequatur repellat ipsum. Nam provident facere odit aperiam labore. Aperiam placeat iure mollitia iusto temporibus.', '2020-04-26 02:01:45');
INSERT INTO `messages` (`id`, `from_user_id`, `to_user_id`, `body`, `created_at`) VALUES ('87', '167', '167', 'Qui amet unde vitae dolor. Provident et corrupti quia blanditiis. Magni expedita architecto soluta quasi laudantium quidem voluptatem. Tenetur ratione quae at repellendus porro.', '1986-12-06 03:24:25');
INSERT INTO `messages` (`id`, `from_user_id`, `to_user_id`, `body`, `created_at`) VALUES ('88', '169', '169', 'Ex voluptatibus aut eligendi sint qui. Doloribus et delectus voluptatem. Repudiandae saepe a omnis nemo. Praesentium qui quod architecto.', '1983-03-15 04:54:13');
INSERT INTO `messages` (`id`, `from_user_id`, `to_user_id`, `body`, `created_at`) VALUES ('89', '170', '170', 'Voluptatem nemo sit ut quod in non omnis iusto. Sit est facere ducimus reprehenderit nisi. Eos et debitis soluta numquam non est aliquid minima. Hic beatae quia sunt nemo eligendi enim facilis.', '2015-07-11 03:52:38');
INSERT INTO `messages` (`id`, `from_user_id`, `to_user_id`, `body`, `created_at`) VALUES ('90', '175', '175', 'Qui ullam aperiam aut doloremque ducimus vel. Quia sunt quo magnam deleniti ullam maiores voluptates. Reprehenderit esse excepturi consequatur molestias adipisci quae ex. Aperiam omnis qui officia quae accusamus.', '1996-10-17 02:31:04');
INSERT INTO `messages` (`id`, `from_user_id`, `to_user_id`, `body`, `created_at`) VALUES ('91', '176', '176', 'Impedit quibusdam esse eligendi deserunt voluptatem. Laudantium nemo repellat itaque itaque enim illo. Non sed accusantium rerum nulla illo et. Autem perspiciatis quia asperiores in.', '1987-02-19 08:20:28');
INSERT INTO `messages` (`id`, `from_user_id`, `to_user_id`, `body`, `created_at`) VALUES ('92', '177', '177', 'Cumque dignissimos in aliquid aspernatur voluptatem consequatur voluptatem. Eligendi vel maiores alias totam. Laudantium blanditiis nobis non ut.', '1990-04-18 00:40:53');
INSERT INTO `messages` (`id`, `from_user_id`, `to_user_id`, `body`, `created_at`) VALUES ('93', '180', '180', 'Veritatis quia iure vel ea. Enim quaerat numquam accusantium ea sint. Et cum voluptatem eaque sit modi velit quia ea.', '1995-01-12 01:37:15');
INSERT INTO `messages` (`id`, `from_user_id`, `to_user_id`, `body`, `created_at`) VALUES ('94', '181', '181', 'A ut dolores consequatur animi. Numquam a sequi sunt impedit sit officia velit. Explicabo exercitationem beatae corrupti enim. Vel quo numquam inventore odit.', '2008-09-06 20:30:51');
INSERT INTO `messages` (`id`, `from_user_id`, `to_user_id`, `body`, `created_at`) VALUES ('95', '185', '185', 'Laudantium possimus voluptatum quod inventore est iste aliquid a. Sunt nihil sed iusto deleniti placeat exercitationem. Nulla ipsum voluptatem itaque ut dolore non voluptatem.', '1973-03-30 21:06:26');
INSERT INTO `messages` (`id`, `from_user_id`, `to_user_id`, `body`, `created_at`) VALUES ('96', '186', '186', 'Sed rerum beatae non quos. Placeat reprehenderit sed dolorem quis doloribus et provident. Quis adipisci perspiciatis ut minus. Sapiente est et soluta quasi.', '1995-05-31 10:01:17');
INSERT INTO `messages` (`id`, `from_user_id`, `to_user_id`, `body`, `created_at`) VALUES ('97', '188', '188', 'Unde earum quis quisquam mollitia. Ad totam quasi consequuntur quas quia libero. Occaecati id est deserunt quam debitis laudantium et quam.', '1987-02-17 12:06:51');
INSERT INTO `messages` (`id`, `from_user_id`, `to_user_id`, `body`, `created_at`) VALUES ('98', '191', '191', 'Explicabo facilis atque et non consequatur. Ea voluptas dolores a quas est nostrum. Velit voluptas illo fugiat excepturi. Facilis voluptatem modi nulla quas dolorem.', '1998-08-25 08:10:51');
INSERT INTO `messages` (`id`, `from_user_id`, `to_user_id`, `body`, `created_at`) VALUES ('99', '194', '194', 'Pariatur vero tempore ipsa magnam quas et. Earum id sunt doloribus eligendi amet corporis voluptate eum. Minima doloremque et est ea esse.', '1990-12-25 01:58:12');
INSERT INTO `messages` (`id`, `from_user_id`, `to_user_id`, `body`, `created_at`) VALUES ('100', '195', '195', 'Minus quo omnis ea quam consequatur fuga officia. Tempora aliquid consequatur labore modi vel. Et aut dolor autem molestiae.', '1979-01-13 19:21:23');

#
# TABLE STRUCTURE FOR: music_albums
#


INSERT INTO `music_albums` (`id`, `name`, `user_id`) VALUES ('1', 'possimus', '101');
INSERT INTO `music_albums` (`id`, `name`, `user_id`) VALUES ('2', 'aperiam', '102');
INSERT INTO `music_albums` (`id`, `name`, `user_id`) VALUES ('3', 'quis', '103');
INSERT INTO `music_albums` (`id`, `name`, `user_id`) VALUES ('4', 'sed', '104');
INSERT INTO `music_albums` (`id`, `name`, `user_id`) VALUES ('5', 'esse', '105');
INSERT INTO `music_albums` (`id`, `name`, `user_id`) VALUES ('6', 'ut', '107');
INSERT INTO `music_albums` (`id`, `name`, `user_id`) VALUES ('7', 'eos', '108');
INSERT INTO `music_albums` (`id`, `name`, `user_id`) VALUES ('8', 'voluptas', '109');
INSERT INTO `music_albums` (`id`, `name`, `user_id`) VALUES ('9', 'laudantium', '110');
INSERT INTO `music_albums` (`id`, `name`, `user_id`) VALUES ('10', 'ullam', '113');
INSERT INTO `music_albums` (`id`, `name`, `user_id`) VALUES ('11', 'consequatur', '115');
INSERT INTO `music_albums` (`id`, `name`, `user_id`) VALUES ('12', 'quaerat', '116');
INSERT INTO `music_albums` (`id`, `name`, `user_id`) VALUES ('13', 'porro', '120');
INSERT INTO `music_albums` (`id`, `name`, `user_id`) VALUES ('14', 'recusandae', '121');
INSERT INTO `music_albums` (`id`, `name`, `user_id`) VALUES ('15', 'ut', '122');
INSERT INTO `music_albums` (`id`, `name`, `user_id`) VALUES ('16', 'exercitationem', '123');
INSERT INTO `music_albums` (`id`, `name`, `user_id`) VALUES ('17', 'assumenda', '124');
INSERT INTO `music_albums` (`id`, `name`, `user_id`) VALUES ('18', 'quia', '128');
INSERT INTO `music_albums` (`id`, `name`, `user_id`) VALUES ('19', 'aut', '131');
INSERT INTO `music_albums` (`id`, `name`, `user_id`) VALUES ('20', 'rerum', '134');
INSERT INTO `music_albums` (`id`, `name`, `user_id`) VALUES ('21', 'velit', '136');
INSERT INTO `music_albums` (`id`, `name`, `user_id`) VALUES ('22', 'quam', '137');
INSERT INTO `music_albums` (`id`, `name`, `user_id`) VALUES ('23', 'fuga', '139');
INSERT INTO `music_albums` (`id`, `name`, `user_id`) VALUES ('24', 'laboriosam', '142');
INSERT INTO `music_albums` (`id`, `name`, `user_id`) VALUES ('25', 'iste', '146');
INSERT INTO `music_albums` (`id`, `name`, `user_id`) VALUES ('26', 'possimus', '150');
INSERT INTO `music_albums` (`id`, `name`, `user_id`) VALUES ('27', 'exercitationem', '152');
INSERT INTO `music_albums` (`id`, `name`, `user_id`) VALUES ('28', 'qui', '154');
INSERT INTO `music_albums` (`id`, `name`, `user_id`) VALUES ('29', 'quos', '155');
INSERT INTO `music_albums` (`id`, `name`, `user_id`) VALUES ('30', 'veniam', '156');
INSERT INTO `music_albums` (`id`, `name`, `user_id`) VALUES ('31', 'voluptas', '157');
INSERT INTO `music_albums` (`id`, `name`, `user_id`) VALUES ('32', 'rerum', '158');
INSERT INTO `music_albums` (`id`, `name`, `user_id`) VALUES ('33', 'occaecati', '163');
INSERT INTO `music_albums` (`id`, `name`, `user_id`) VALUES ('34', 'quod', '164');
INSERT INTO `music_albums` (`id`, `name`, `user_id`) VALUES ('35', 'vel', '166');
INSERT INTO `music_albums` (`id`, `name`, `user_id`) VALUES ('36', 'sed', '167');
INSERT INTO `music_albums` (`id`, `name`, `user_id`) VALUES ('37', 'temporibus', '169');
INSERT INTO `music_albums` (`id`, `name`, `user_id`) VALUES ('38', 'illo', '170');
INSERT INTO `music_albums` (`id`, `name`, `user_id`) VALUES ('39', 'dolor', '175');
INSERT INTO `music_albums` (`id`, `name`, `user_id`) VALUES ('40', 'eligendi', '176');
INSERT INTO `music_albums` (`id`, `name`, `user_id`) VALUES ('41', 'perspiciatis', '177');
INSERT INTO `music_albums` (`id`, `name`, `user_id`) VALUES ('42', 'ut', '180');
INSERT INTO `music_albums` (`id`, `name`, `user_id`) VALUES ('43', 'recusandae', '181');
INSERT INTO `music_albums` (`id`, `name`, `user_id`) VALUES ('44', 'non', '185');
INSERT INTO `music_albums` (`id`, `name`, `user_id`) VALUES ('45', 'voluptas', '186');
INSERT INTO `music_albums` (`id`, `name`, `user_id`) VALUES ('46', 'eaque', '188');
INSERT INTO `music_albums` (`id`, `name`, `user_id`) VALUES ('47', 'non', '191');
INSERT INTO `music_albums` (`id`, `name`, `user_id`) VALUES ('48', 'fugiat', '194');
INSERT INTO `music_albums` (`id`, `name`, `user_id`) VALUES ('49', 'aut', '195');
INSERT INTO `music_albums` (`id`, `name`, `user_id`) VALUES ('50', 'excepturi', '196');
INSERT INTO `music_albums` (`id`, `name`, `user_id`) VALUES ('51', 'odit', '199');
INSERT INTO `music_albums` (`id`, `name`, `user_id`) VALUES ('52', 'doloribus', '101');
INSERT INTO `music_albums` (`id`, `name`, `user_id`) VALUES ('53', 'rerum', '102');
INSERT INTO `music_albums` (`id`, `name`, `user_id`) VALUES ('54', 'sunt', '103');
INSERT INTO `music_albums` (`id`, `name`, `user_id`) VALUES ('55', 'ullam', '104');
INSERT INTO `music_albums` (`id`, `name`, `user_id`) VALUES ('56', 'sit', '105');
INSERT INTO `music_albums` (`id`, `name`, `user_id`) VALUES ('57', 'aperiam', '107');
INSERT INTO `music_albums` (`id`, `name`, `user_id`) VALUES ('58', 'voluptatem', '108');
INSERT INTO `music_albums` (`id`, `name`, `user_id`) VALUES ('59', 'tenetur', '109');
INSERT INTO `music_albums` (`id`, `name`, `user_id`) VALUES ('60', 'nemo', '110');
INSERT INTO `music_albums` (`id`, `name`, `user_id`) VALUES ('61', 'nemo', '113');
INSERT INTO `music_albums` (`id`, `name`, `user_id`) VALUES ('62', 'commodi', '115');
INSERT INTO `music_albums` (`id`, `name`, `user_id`) VALUES ('63', 'eum', '116');
INSERT INTO `music_albums` (`id`, `name`, `user_id`) VALUES ('64', 'facilis', '120');
INSERT INTO `music_albums` (`id`, `name`, `user_id`) VALUES ('65', 'est', '121');
INSERT INTO `music_albums` (`id`, `name`, `user_id`) VALUES ('66', 'eos', '122');
INSERT INTO `music_albums` (`id`, `name`, `user_id`) VALUES ('67', 'cumque', '123');
INSERT INTO `music_albums` (`id`, `name`, `user_id`) VALUES ('68', 'recusandae', '124');
INSERT INTO `music_albums` (`id`, `name`, `user_id`) VALUES ('69', 'error', '128');
INSERT INTO `music_albums` (`id`, `name`, `user_id`) VALUES ('70', 'eveniet', '131');
INSERT INTO `music_albums` (`id`, `name`, `user_id`) VALUES ('71', 'necessitatibus', '134');
INSERT INTO `music_albums` (`id`, `name`, `user_id`) VALUES ('72', 'aut', '136');
INSERT INTO `music_albums` (`id`, `name`, `user_id`) VALUES ('73', 'rerum', '137');
INSERT INTO `music_albums` (`id`, `name`, `user_id`) VALUES ('74', 'totam', '139');
INSERT INTO `music_albums` (`id`, `name`, `user_id`) VALUES ('75', 'assumenda', '142');
INSERT INTO `music_albums` (`id`, `name`, `user_id`) VALUES ('76', 'voluptatem', '146');
INSERT INTO `music_albums` (`id`, `name`, `user_id`) VALUES ('77', 'enim', '150');
INSERT INTO `music_albums` (`id`, `name`, `user_id`) VALUES ('78', 'adipisci', '152');
INSERT INTO `music_albums` (`id`, `name`, `user_id`) VALUES ('79', 'quaerat', '154');
INSERT INTO `music_albums` (`id`, `name`, `user_id`) VALUES ('80', 'est', '155');
INSERT INTO `music_albums` (`id`, `name`, `user_id`) VALUES ('81', 'ut', '156');
INSERT INTO `music_albums` (`id`, `name`, `user_id`) VALUES ('82', 'dignissimos', '157');
INSERT INTO `music_albums` (`id`, `name`, `user_id`) VALUES ('83', 'iure', '158');
INSERT INTO `music_albums` (`id`, `name`, `user_id`) VALUES ('84', 'nihil', '163');
INSERT INTO `music_albums` (`id`, `name`, `user_id`) VALUES ('85', 'assumenda', '164');
INSERT INTO `music_albums` (`id`, `name`, `user_id`) VALUES ('86', 'dolores', '166');
INSERT INTO `music_albums` (`id`, `name`, `user_id`) VALUES ('87', 'modi', '167');
INSERT INTO `music_albums` (`id`, `name`, `user_id`) VALUES ('88', 'quasi', '169');
INSERT INTO `music_albums` (`id`, `name`, `user_id`) VALUES ('89', 'tempore', '170');
INSERT INTO `music_albums` (`id`, `name`, `user_id`) VALUES ('90', 'et', '175');
INSERT INTO `music_albums` (`id`, `name`, `user_id`) VALUES ('91', 'excepturi', '176');
INSERT INTO `music_albums` (`id`, `name`, `user_id`) VALUES ('92', 'nisi', '177');
INSERT INTO `music_albums` (`id`, `name`, `user_id`) VALUES ('93', 'voluptates', '180');
INSERT INTO `music_albums` (`id`, `name`, `user_id`) VALUES ('94', 'tenetur', '181');
INSERT INTO `music_albums` (`id`, `name`, `user_id`) VALUES ('95', 'itaque', '185');
INSERT INTO `music_albums` (`id`, `name`, `user_id`) VALUES ('96', 'beatae', '186');
INSERT INTO `music_albums` (`id`, `name`, `user_id`) VALUES ('97', 'et', '188');
INSERT INTO `music_albums` (`id`, `name`, `user_id`) VALUES ('98', 'optio', '191');
INSERT INTO `music_albums` (`id`, `name`, `user_id`) VALUES ('99', 'nam', '194');
INSERT INTO `music_albums` (`id`, `name`, `user_id`) VALUES ('100', 'et', '195');


#
# TABLE STRUCTURE FOR: music
#


INSERT INTO `music` (`id`, `album_id`, `media_id`) VALUES ('1', '1', '1');
INSERT INTO `music` (`id`, `album_id`, `media_id`) VALUES ('2', '2', '2');
INSERT INTO `music` (`id`, `album_id`, `media_id`) VALUES ('3', '3', '3');
INSERT INTO `music` (`id`, `album_id`, `media_id`) VALUES ('4', '4', '4');
INSERT INTO `music` (`id`, `album_id`, `media_id`) VALUES ('5', '5', '5');
INSERT INTO `music` (`id`, `album_id`, `media_id`) VALUES ('6', '6', '6');
INSERT INTO `music` (`id`, `album_id`, `media_id`) VALUES ('7', '7', '7');
INSERT INTO `music` (`id`, `album_id`, `media_id`) VALUES ('8', '8', '8');
INSERT INTO `music` (`id`, `album_id`, `media_id`) VALUES ('9', '9', '9');
INSERT INTO `music` (`id`, `album_id`, `media_id`) VALUES ('10', '10', '10');
INSERT INTO `music` (`id`, `album_id`, `media_id`) VALUES ('11', '11', '11');
INSERT INTO `music` (`id`, `album_id`, `media_id`) VALUES ('12', '12', '12');
INSERT INTO `music` (`id`, `album_id`, `media_id`) VALUES ('13', '13', '13');
INSERT INTO `music` (`id`, `album_id`, `media_id`) VALUES ('14', '14', '14');
INSERT INTO `music` (`id`, `album_id`, `media_id`) VALUES ('15', '15', '15');
INSERT INTO `music` (`id`, `album_id`, `media_id`) VALUES ('16', '16', '16');
INSERT INTO `music` (`id`, `album_id`, `media_id`) VALUES ('17', '17', '17');
INSERT INTO `music` (`id`, `album_id`, `media_id`) VALUES ('18', '18', '18');
INSERT INTO `music` (`id`, `album_id`, `media_id`) VALUES ('19', '19', '19');
INSERT INTO `music` (`id`, `album_id`, `media_id`) VALUES ('20', '20', '20');
INSERT INTO `music` (`id`, `album_id`, `media_id`) VALUES ('21', '21', '21');
INSERT INTO `music` (`id`, `album_id`, `media_id`) VALUES ('22', '22', '22');
INSERT INTO `music` (`id`, `album_id`, `media_id`) VALUES ('23', '23', '23');
INSERT INTO `music` (`id`, `album_id`, `media_id`) VALUES ('24', '24', '24');
INSERT INTO `music` (`id`, `album_id`, `media_id`) VALUES ('25', '25', '25');
INSERT INTO `music` (`id`, `album_id`, `media_id`) VALUES ('26', '26', '26');
INSERT INTO `music` (`id`, `album_id`, `media_id`) VALUES ('27', '27', '27');
INSERT INTO `music` (`id`, `album_id`, `media_id`) VALUES ('28', '28', '28');
INSERT INTO `music` (`id`, `album_id`, `media_id`) VALUES ('29', '29', '29');
INSERT INTO `music` (`id`, `album_id`, `media_id`) VALUES ('30', '30', '30');
INSERT INTO `music` (`id`, `album_id`, `media_id`) VALUES ('31', '31', '31');
INSERT INTO `music` (`id`, `album_id`, `media_id`) VALUES ('32', '32', '32');
INSERT INTO `music` (`id`, `album_id`, `media_id`) VALUES ('33', '33', '33');
INSERT INTO `music` (`id`, `album_id`, `media_id`) VALUES ('34', '34', '34');
INSERT INTO `music` (`id`, `album_id`, `media_id`) VALUES ('35', '35', '35');
INSERT INTO `music` (`id`, `album_id`, `media_id`) VALUES ('36', '36', '36');
INSERT INTO `music` (`id`, `album_id`, `media_id`) VALUES ('37', '37', '37');
INSERT INTO `music` (`id`, `album_id`, `media_id`) VALUES ('38', '38', '38');
INSERT INTO `music` (`id`, `album_id`, `media_id`) VALUES ('39', '39', '39');
INSERT INTO `music` (`id`, `album_id`, `media_id`) VALUES ('40', '40', '40');
INSERT INTO `music` (`id`, `album_id`, `media_id`) VALUES ('41', '41', '41');
INSERT INTO `music` (`id`, `album_id`, `media_id`) VALUES ('42', '42', '42');
INSERT INTO `music` (`id`, `album_id`, `media_id`) VALUES ('43', '43', '43');
INSERT INTO `music` (`id`, `album_id`, `media_id`) VALUES ('44', '44', '44');
INSERT INTO `music` (`id`, `album_id`, `media_id`) VALUES ('45', '45', '45');
INSERT INTO `music` (`id`, `album_id`, `media_id`) VALUES ('46', '46', '46');
INSERT INTO `music` (`id`, `album_id`, `media_id`) VALUES ('47', '47', '47');
INSERT INTO `music` (`id`, `album_id`, `media_id`) VALUES ('48', '48', '48');
INSERT INTO `music` (`id`, `album_id`, `media_id`) VALUES ('49', '49', '49');
INSERT INTO `music` (`id`, `album_id`, `media_id`) VALUES ('50', '50', '50');
INSERT INTO `music` (`id`, `album_id`, `media_id`) VALUES ('51', '51', '51');
INSERT INTO `music` (`id`, `album_id`, `media_id`) VALUES ('52', '52', '52');
INSERT INTO `music` (`id`, `album_id`, `media_id`) VALUES ('53', '53', '53');
INSERT INTO `music` (`id`, `album_id`, `media_id`) VALUES ('54', '54', '54');
INSERT INTO `music` (`id`, `album_id`, `media_id`) VALUES ('55', '55', '55');
INSERT INTO `music` (`id`, `album_id`, `media_id`) VALUES ('56', '56', '56');
INSERT INTO `music` (`id`, `album_id`, `media_id`) VALUES ('57', '57', '57');
INSERT INTO `music` (`id`, `album_id`, `media_id`) VALUES ('58', '58', '58');
INSERT INTO `music` (`id`, `album_id`, `media_id`) VALUES ('59', '59', '59');
INSERT INTO `music` (`id`, `album_id`, `media_id`) VALUES ('60', '60', '60');
INSERT INTO `music` (`id`, `album_id`, `media_id`) VALUES ('61', '61', '61');
INSERT INTO `music` (`id`, `album_id`, `media_id`) VALUES ('62', '62', '62');
INSERT INTO `music` (`id`, `album_id`, `media_id`) VALUES ('63', '63', '63');
INSERT INTO `music` (`id`, `album_id`, `media_id`) VALUES ('64', '64', '64');
INSERT INTO `music` (`id`, `album_id`, `media_id`) VALUES ('65', '65', '65');
INSERT INTO `music` (`id`, `album_id`, `media_id`) VALUES ('66', '66', '66');
INSERT INTO `music` (`id`, `album_id`, `media_id`) VALUES ('67', '67', '67');
INSERT INTO `music` (`id`, `album_id`, `media_id`) VALUES ('68', '68', '68');
INSERT INTO `music` (`id`, `album_id`, `media_id`) VALUES ('69', '69', '69');
INSERT INTO `music` (`id`, `album_id`, `media_id`) VALUES ('70', '70', '70');
INSERT INTO `music` (`id`, `album_id`, `media_id`) VALUES ('71', '71', '71');
INSERT INTO `music` (`id`, `album_id`, `media_id`) VALUES ('72', '72', '72');
INSERT INTO `music` (`id`, `album_id`, `media_id`) VALUES ('73', '73', '73');
INSERT INTO `music` (`id`, `album_id`, `media_id`) VALUES ('74', '74', '74');
INSERT INTO `music` (`id`, `album_id`, `media_id`) VALUES ('75', '75', '75');
INSERT INTO `music` (`id`, `album_id`, `media_id`) VALUES ('76', '76', '76');
INSERT INTO `music` (`id`, `album_id`, `media_id`) VALUES ('77', '77', '77');
INSERT INTO `music` (`id`, `album_id`, `media_id`) VALUES ('78', '78', '78');
INSERT INTO `music` (`id`, `album_id`, `media_id`) VALUES ('79', '79', '79');
INSERT INTO `music` (`id`, `album_id`, `media_id`) VALUES ('80', '80', '80');
INSERT INTO `music` (`id`, `album_id`, `media_id`) VALUES ('81', '81', '81');
INSERT INTO `music` (`id`, `album_id`, `media_id`) VALUES ('82', '82', '82');
INSERT INTO `music` (`id`, `album_id`, `media_id`) VALUES ('83', '83', '83');
INSERT INTO `music` (`id`, `album_id`, `media_id`) VALUES ('84', '84', '84');
INSERT INTO `music` (`id`, `album_id`, `media_id`) VALUES ('85', '85', '85');
INSERT INTO `music` (`id`, `album_id`, `media_id`) VALUES ('86', '86', '86');
INSERT INTO `music` (`id`, `album_id`, `media_id`) VALUES ('87', '87', '87');
INSERT INTO `music` (`id`, `album_id`, `media_id`) VALUES ('88', '88', '88');
INSERT INTO `music` (`id`, `album_id`, `media_id`) VALUES ('89', '89', '89');
INSERT INTO `music` (`id`, `album_id`, `media_id`) VALUES ('90', '90', '90');
INSERT INTO `music` (`id`, `album_id`, `media_id`) VALUES ('91', '91', '91');
INSERT INTO `music` (`id`, `album_id`, `media_id`) VALUES ('92', '92', '92');
INSERT INTO `music` (`id`, `album_id`, `media_id`) VALUES ('93', '93', '93');
INSERT INTO `music` (`id`, `album_id`, `media_id`) VALUES ('94', '94', '94');
INSERT INTO `music` (`id`, `album_id`, `media_id`) VALUES ('95', '95', '95');
INSERT INTO `music` (`id`, `album_id`, `media_id`) VALUES ('96', '96', '96');
INSERT INTO `music` (`id`, `album_id`, `media_id`) VALUES ('97', '97', '97');
INSERT INTO `music` (`id`, `album_id`, `media_id`) VALUES ('98', '98', '98');
INSERT INTO `music` (`id`, `album_id`, `media_id`) VALUES ('99', '99', '99');
INSERT INTO `music` (`id`, `album_id`, `media_id`) VALUES ('100', '100', '100');


#
# TABLE STRUCTURE FOR: photo_albums
#


INSERT INTO `photo_albums` (`id`, `name`, `user_id`) VALUES ('1', 'officiis', '101');
INSERT INTO `photo_albums` (`id`, `name`, `user_id`) VALUES ('2', 'aliquam', '102');
INSERT INTO `photo_albums` (`id`, `name`, `user_id`) VALUES ('3', 'commodi', '103');
INSERT INTO `photo_albums` (`id`, `name`, `user_id`) VALUES ('4', 'et', '104');
INSERT INTO `photo_albums` (`id`, `name`, `user_id`) VALUES ('5', 'asperiores', '105');
INSERT INTO `photo_albums` (`id`, `name`, `user_id`) VALUES ('6', 'nisi', '107');
INSERT INTO `photo_albums` (`id`, `name`, `user_id`) VALUES ('7', 'laudantium', '108');
INSERT INTO `photo_albums` (`id`, `name`, `user_id`) VALUES ('8', 'vel', '109');
INSERT INTO `photo_albums` (`id`, `name`, `user_id`) VALUES ('9', 'mollitia', '110');
INSERT INTO `photo_albums` (`id`, `name`, `user_id`) VALUES ('10', 'quo', '113');
INSERT INTO `photo_albums` (`id`, `name`, `user_id`) VALUES ('11', 'illum', '115');
INSERT INTO `photo_albums` (`id`, `name`, `user_id`) VALUES ('12', 'ut', '116');
INSERT INTO `photo_albums` (`id`, `name`, `user_id`) VALUES ('13', 'ducimus', '120');
INSERT INTO `photo_albums` (`id`, `name`, `user_id`) VALUES ('14', 'est', '121');
INSERT INTO `photo_albums` (`id`, `name`, `user_id`) VALUES ('15', 'iste', '122');
INSERT INTO `photo_albums` (`id`, `name`, `user_id`) VALUES ('16', 'dolore', '123');
INSERT INTO `photo_albums` (`id`, `name`, `user_id`) VALUES ('17', 'ut', '124');
INSERT INTO `photo_albums` (`id`, `name`, `user_id`) VALUES ('18', 'occaecati', '128');
INSERT INTO `photo_albums` (`id`, `name`, `user_id`) VALUES ('19', 'illo', '131');
INSERT INTO `photo_albums` (`id`, `name`, `user_id`) VALUES ('20', 'vero', '134');
INSERT INTO `photo_albums` (`id`, `name`, `user_id`) VALUES ('21', 'officia', '136');
INSERT INTO `photo_albums` (`id`, `name`, `user_id`) VALUES ('22', 'cumque', '137');
INSERT INTO `photo_albums` (`id`, `name`, `user_id`) VALUES ('23', 'nemo', '139');
INSERT INTO `photo_albums` (`id`, `name`, `user_id`) VALUES ('24', 'dolor', '142');
INSERT INTO `photo_albums` (`id`, `name`, `user_id`) VALUES ('25', 'dicta', '146');
INSERT INTO `photo_albums` (`id`, `name`, `user_id`) VALUES ('26', 'ut', '150');
INSERT INTO `photo_albums` (`id`, `name`, `user_id`) VALUES ('27', 'qui', '152');
INSERT INTO `photo_albums` (`id`, `name`, `user_id`) VALUES ('28', 'numquam', '154');
INSERT INTO `photo_albums` (`id`, `name`, `user_id`) VALUES ('29', 'quibusdam', '155');
INSERT INTO `photo_albums` (`id`, `name`, `user_id`) VALUES ('30', 'eos', '156');
INSERT INTO `photo_albums` (`id`, `name`, `user_id`) VALUES ('31', 'et', '157');
INSERT INTO `photo_albums` (`id`, `name`, `user_id`) VALUES ('32', 'veritatis', '158');
INSERT INTO `photo_albums` (`id`, `name`, `user_id`) VALUES ('33', 'maxime', '163');
INSERT INTO `photo_albums` (`id`, `name`, `user_id`) VALUES ('34', 'fugiat', '164');
INSERT INTO `photo_albums` (`id`, `name`, `user_id`) VALUES ('35', 'aut', '166');
INSERT INTO `photo_albums` (`id`, `name`, `user_id`) VALUES ('36', 'qui', '167');
INSERT INTO `photo_albums` (`id`, `name`, `user_id`) VALUES ('37', 'sed', '169');
INSERT INTO `photo_albums` (`id`, `name`, `user_id`) VALUES ('38', 'fugiat', '170');
INSERT INTO `photo_albums` (`id`, `name`, `user_id`) VALUES ('39', 'in', '175');
INSERT INTO `photo_albums` (`id`, `name`, `user_id`) VALUES ('40', 'eius', '176');
INSERT INTO `photo_albums` (`id`, `name`, `user_id`) VALUES ('41', 'rerum', '177');
INSERT INTO `photo_albums` (`id`, `name`, `user_id`) VALUES ('42', 'necessitatibus', '180');
INSERT INTO `photo_albums` (`id`, `name`, `user_id`) VALUES ('43', 'aliquam', '181');
INSERT INTO `photo_albums` (`id`, `name`, `user_id`) VALUES ('44', 'quisquam', '185');
INSERT INTO `photo_albums` (`id`, `name`, `user_id`) VALUES ('45', 'sed', '186');
INSERT INTO `photo_albums` (`id`, `name`, `user_id`) VALUES ('46', 'voluptatem', '188');
INSERT INTO `photo_albums` (`id`, `name`, `user_id`) VALUES ('47', 'cumque', '191');
INSERT INTO `photo_albums` (`id`, `name`, `user_id`) VALUES ('48', 'ex', '194');
INSERT INTO `photo_albums` (`id`, `name`, `user_id`) VALUES ('49', 'necessitatibus', '195');
INSERT INTO `photo_albums` (`id`, `name`, `user_id`) VALUES ('50', 'officia', '196');
INSERT INTO `photo_albums` (`id`, `name`, `user_id`) VALUES ('51', 'id', '199');
INSERT INTO `photo_albums` (`id`, `name`, `user_id`) VALUES ('52', 'fugiat', '101');
INSERT INTO `photo_albums` (`id`, `name`, `user_id`) VALUES ('53', 'necessitatibus', '102');
INSERT INTO `photo_albums` (`id`, `name`, `user_id`) VALUES ('54', 'ea', '103');
INSERT INTO `photo_albums` (`id`, `name`, `user_id`) VALUES ('55', 'asperiores', '104');
INSERT INTO `photo_albums` (`id`, `name`, `user_id`) VALUES ('56', 'illo', '105');
INSERT INTO `photo_albums` (`id`, `name`, `user_id`) VALUES ('57', 'quia', '107');
INSERT INTO `photo_albums` (`id`, `name`, `user_id`) VALUES ('58', 'corporis', '108');
INSERT INTO `photo_albums` (`id`, `name`, `user_id`) VALUES ('59', 'neque', '109');
INSERT INTO `photo_albums` (`id`, `name`, `user_id`) VALUES ('60', 'error', '110');
INSERT INTO `photo_albums` (`id`, `name`, `user_id`) VALUES ('61', 'et', '113');
INSERT INTO `photo_albums` (`id`, `name`, `user_id`) VALUES ('62', 'sunt', '115');
INSERT INTO `photo_albums` (`id`, `name`, `user_id`) VALUES ('63', 'sit', '116');
INSERT INTO `photo_albums` (`id`, `name`, `user_id`) VALUES ('64', 'officiis', '120');
INSERT INTO `photo_albums` (`id`, `name`, `user_id`) VALUES ('65', 'voluptatem', '121');
INSERT INTO `photo_albums` (`id`, `name`, `user_id`) VALUES ('66', 'fuga', '122');
INSERT INTO `photo_albums` (`id`, `name`, `user_id`) VALUES ('67', 'ipsa', '123');
INSERT INTO `photo_albums` (`id`, `name`, `user_id`) VALUES ('68', 'ea', '124');
INSERT INTO `photo_albums` (`id`, `name`, `user_id`) VALUES ('69', 'quia', '128');
INSERT INTO `photo_albums` (`id`, `name`, `user_id`) VALUES ('70', 'error', '131');
INSERT INTO `photo_albums` (`id`, `name`, `user_id`) VALUES ('71', 'quia', '134');
INSERT INTO `photo_albums` (`id`, `name`, `user_id`) VALUES ('72', 'ut', '136');
INSERT INTO `photo_albums` (`id`, `name`, `user_id`) VALUES ('73', 'quia', '137');
INSERT INTO `photo_albums` (`id`, `name`, `user_id`) VALUES ('74', 'laboriosam', '139');
INSERT INTO `photo_albums` (`id`, `name`, `user_id`) VALUES ('75', 'velit', '142');
INSERT INTO `photo_albums` (`id`, `name`, `user_id`) VALUES ('76', 'et', '146');
INSERT INTO `photo_albums` (`id`, `name`, `user_id`) VALUES ('77', 'labore', '150');
INSERT INTO `photo_albums` (`id`, `name`, `user_id`) VALUES ('78', 'est', '152');
INSERT INTO `photo_albums` (`id`, `name`, `user_id`) VALUES ('79', 'et', '154');
INSERT INTO `photo_albums` (`id`, `name`, `user_id`) VALUES ('80', 'ad', '155');
INSERT INTO `photo_albums` (`id`, `name`, `user_id`) VALUES ('81', 'doloribus', '156');
INSERT INTO `photo_albums` (`id`, `name`, `user_id`) VALUES ('82', 'voluptatem', '157');
INSERT INTO `photo_albums` (`id`, `name`, `user_id`) VALUES ('83', 'earum', '158');
INSERT INTO `photo_albums` (`id`, `name`, `user_id`) VALUES ('84', 'aliquid', '163');
INSERT INTO `photo_albums` (`id`, `name`, `user_id`) VALUES ('85', 'ea', '164');
INSERT INTO `photo_albums` (`id`, `name`, `user_id`) VALUES ('86', 'ea', '166');
INSERT INTO `photo_albums` (`id`, `name`, `user_id`) VALUES ('87', 'id', '167');
INSERT INTO `photo_albums` (`id`, `name`, `user_id`) VALUES ('88', 'excepturi', '169');
INSERT INTO `photo_albums` (`id`, `name`, `user_id`) VALUES ('89', 'ex', '170');
INSERT INTO `photo_albums` (`id`, `name`, `user_id`) VALUES ('90', 'eum', '175');
INSERT INTO `photo_albums` (`id`, `name`, `user_id`) VALUES ('91', 'nihil', '176');
INSERT INTO `photo_albums` (`id`, `name`, `user_id`) VALUES ('92', 'porro', '177');
INSERT INTO `photo_albums` (`id`, `name`, `user_id`) VALUES ('93', 'eos', '180');
INSERT INTO `photo_albums` (`id`, `name`, `user_id`) VALUES ('94', 'ipsum', '181');
INSERT INTO `photo_albums` (`id`, `name`, `user_id`) VALUES ('95', 'sint', '185');
INSERT INTO `photo_albums` (`id`, `name`, `user_id`) VALUES ('96', 'ut', '186');
INSERT INTO `photo_albums` (`id`, `name`, `user_id`) VALUES ('97', 'harum', '188');
INSERT INTO `photo_albums` (`id`, `name`, `user_id`) VALUES ('98', 'repellat', '191');
INSERT INTO `photo_albums` (`id`, `name`, `user_id`) VALUES ('99', 'eum', '194');
INSERT INTO `photo_albums` (`id`, `name`, `user_id`) VALUES ('100', 'placeat', '195');


#
# TABLE STRUCTURE FOR: photos
#


INSERT INTO `photos` (`id`, `album_id`, `media_id`) VALUES ('1', '1', '1');
INSERT INTO `photos` (`id`, `album_id`, `media_id`) VALUES ('2', '2', '2');
INSERT INTO `photos` (`id`, `album_id`, `media_id`) VALUES ('3', '3', '3');
INSERT INTO `photos` (`id`, `album_id`, `media_id`) VALUES ('4', '4', '4');
INSERT INTO `photos` (`id`, `album_id`, `media_id`) VALUES ('5', '5', '5');
INSERT INTO `photos` (`id`, `album_id`, `media_id`) VALUES ('6', '6', '6');
INSERT INTO `photos` (`id`, `album_id`, `media_id`) VALUES ('7', '7', '7');
INSERT INTO `photos` (`id`, `album_id`, `media_id`) VALUES ('8', '8', '8');
INSERT INTO `photos` (`id`, `album_id`, `media_id`) VALUES ('9', '9', '9');
INSERT INTO `photos` (`id`, `album_id`, `media_id`) VALUES ('10', '10', '10');
INSERT INTO `photos` (`id`, `album_id`, `media_id`) VALUES ('11', '11', '11');
INSERT INTO `photos` (`id`, `album_id`, `media_id`) VALUES ('12', '12', '12');
INSERT INTO `photos` (`id`, `album_id`, `media_id`) VALUES ('13', '13', '13');
INSERT INTO `photos` (`id`, `album_id`, `media_id`) VALUES ('14', '14', '14');
INSERT INTO `photos` (`id`, `album_id`, `media_id`) VALUES ('15', '15', '15');
INSERT INTO `photos` (`id`, `album_id`, `media_id`) VALUES ('16', '16', '16');
INSERT INTO `photos` (`id`, `album_id`, `media_id`) VALUES ('17', '17', '17');
INSERT INTO `photos` (`id`, `album_id`, `media_id`) VALUES ('18', '18', '18');
INSERT INTO `photos` (`id`, `album_id`, `media_id`) VALUES ('19', '19', '19');
INSERT INTO `photos` (`id`, `album_id`, `media_id`) VALUES ('20', '20', '20');
INSERT INTO `photos` (`id`, `album_id`, `media_id`) VALUES ('21', '21', '21');
INSERT INTO `photos` (`id`, `album_id`, `media_id`) VALUES ('22', '22', '22');
INSERT INTO `photos` (`id`, `album_id`, `media_id`) VALUES ('23', '23', '23');
INSERT INTO `photos` (`id`, `album_id`, `media_id`) VALUES ('24', '24', '24');
INSERT INTO `photos` (`id`, `album_id`, `media_id`) VALUES ('25', '25', '25');
INSERT INTO `photos` (`id`, `album_id`, `media_id`) VALUES ('26', '26', '26');
INSERT INTO `photos` (`id`, `album_id`, `media_id`) VALUES ('27', '27', '27');
INSERT INTO `photos` (`id`, `album_id`, `media_id`) VALUES ('28', '28', '28');
INSERT INTO `photos` (`id`, `album_id`, `media_id`) VALUES ('29', '29', '29');
INSERT INTO `photos` (`id`, `album_id`, `media_id`) VALUES ('30', '30', '30');
INSERT INTO `photos` (`id`, `album_id`, `media_id`) VALUES ('31', '31', '31');
INSERT INTO `photos` (`id`, `album_id`, `media_id`) VALUES ('32', '32', '32');
INSERT INTO `photos` (`id`, `album_id`, `media_id`) VALUES ('33', '33', '33');
INSERT INTO `photos` (`id`, `album_id`, `media_id`) VALUES ('34', '34', '34');
INSERT INTO `photos` (`id`, `album_id`, `media_id`) VALUES ('35', '35', '35');
INSERT INTO `photos` (`id`, `album_id`, `media_id`) VALUES ('36', '36', '36');
INSERT INTO `photos` (`id`, `album_id`, `media_id`) VALUES ('37', '37', '37');
INSERT INTO `photos` (`id`, `album_id`, `media_id`) VALUES ('38', '38', '38');
INSERT INTO `photos` (`id`, `album_id`, `media_id`) VALUES ('39', '39', '39');
INSERT INTO `photos` (`id`, `album_id`, `media_id`) VALUES ('40', '40', '40');
INSERT INTO `photos` (`id`, `album_id`, `media_id`) VALUES ('41', '41', '41');
INSERT INTO `photos` (`id`, `album_id`, `media_id`) VALUES ('42', '42', '42');
INSERT INTO `photos` (`id`, `album_id`, `media_id`) VALUES ('43', '43', '43');
INSERT INTO `photos` (`id`, `album_id`, `media_id`) VALUES ('44', '44', '44');
INSERT INTO `photos` (`id`, `album_id`, `media_id`) VALUES ('45', '45', '45');
INSERT INTO `photos` (`id`, `album_id`, `media_id`) VALUES ('46', '46', '46');
INSERT INTO `photos` (`id`, `album_id`, `media_id`) VALUES ('47', '47', '47');
INSERT INTO `photos` (`id`, `album_id`, `media_id`) VALUES ('48', '48', '48');
INSERT INTO `photos` (`id`, `album_id`, `media_id`) VALUES ('49', '49', '49');
INSERT INTO `photos` (`id`, `album_id`, `media_id`) VALUES ('50', '50', '50');
INSERT INTO `photos` (`id`, `album_id`, `media_id`) VALUES ('51', '51', '51');
INSERT INTO `photos` (`id`, `album_id`, `media_id`) VALUES ('52', '52', '52');
INSERT INTO `photos` (`id`, `album_id`, `media_id`) VALUES ('53', '53', '53');
INSERT INTO `photos` (`id`, `album_id`, `media_id`) VALUES ('54', '54', '54');
INSERT INTO `photos` (`id`, `album_id`, `media_id`) VALUES ('55', '55', '55');
INSERT INTO `photos` (`id`, `album_id`, `media_id`) VALUES ('56', '56', '56');
INSERT INTO `photos` (`id`, `album_id`, `media_id`) VALUES ('57', '57', '57');
INSERT INTO `photos` (`id`, `album_id`, `media_id`) VALUES ('58', '58', '58');
INSERT INTO `photos` (`id`, `album_id`, `media_id`) VALUES ('59', '59', '59');
INSERT INTO `photos` (`id`, `album_id`, `media_id`) VALUES ('60', '60', '60');
INSERT INTO `photos` (`id`, `album_id`, `media_id`) VALUES ('61', '61', '61');
INSERT INTO `photos` (`id`, `album_id`, `media_id`) VALUES ('62', '62', '62');
INSERT INTO `photos` (`id`, `album_id`, `media_id`) VALUES ('63', '63', '63');
INSERT INTO `photos` (`id`, `album_id`, `media_id`) VALUES ('64', '64', '64');
INSERT INTO `photos` (`id`, `album_id`, `media_id`) VALUES ('65', '65', '65');
INSERT INTO `photos` (`id`, `album_id`, `media_id`) VALUES ('66', '66', '66');
INSERT INTO `photos` (`id`, `album_id`, `media_id`) VALUES ('67', '67', '67');
INSERT INTO `photos` (`id`, `album_id`, `media_id`) VALUES ('68', '68', '68');
INSERT INTO `photos` (`id`, `album_id`, `media_id`) VALUES ('69', '69', '69');
INSERT INTO `photos` (`id`, `album_id`, `media_id`) VALUES ('70', '70', '70');
INSERT INTO `photos` (`id`, `album_id`, `media_id`) VALUES ('71', '71', '71');
INSERT INTO `photos` (`id`, `album_id`, `media_id`) VALUES ('72', '72', '72');
INSERT INTO `photos` (`id`, `album_id`, `media_id`) VALUES ('73', '73', '73');
INSERT INTO `photos` (`id`, `album_id`, `media_id`) VALUES ('74', '74', '74');
INSERT INTO `photos` (`id`, `album_id`, `media_id`) VALUES ('75', '75', '75');
INSERT INTO `photos` (`id`, `album_id`, `media_id`) VALUES ('76', '76', '76');
INSERT INTO `photos` (`id`, `album_id`, `media_id`) VALUES ('77', '77', '77');
INSERT INTO `photos` (`id`, `album_id`, `media_id`) VALUES ('78', '78', '78');
INSERT INTO `photos` (`id`, `album_id`, `media_id`) VALUES ('79', '79', '79');
INSERT INTO `photos` (`id`, `album_id`, `media_id`) VALUES ('80', '80', '80');
INSERT INTO `photos` (`id`, `album_id`, `media_id`) VALUES ('81', '81', '81');
INSERT INTO `photos` (`id`, `album_id`, `media_id`) VALUES ('82', '82', '82');
INSERT INTO `photos` (`id`, `album_id`, `media_id`) VALUES ('83', '83', '83');
INSERT INTO `photos` (`id`, `album_id`, `media_id`) VALUES ('84', '84', '84');
INSERT INTO `photos` (`id`, `album_id`, `media_id`) VALUES ('85', '85', '85');
INSERT INTO `photos` (`id`, `album_id`, `media_id`) VALUES ('86', '86', '86');
INSERT INTO `photos` (`id`, `album_id`, `media_id`) VALUES ('87', '87', '87');
INSERT INTO `photos` (`id`, `album_id`, `media_id`) VALUES ('88', '88', '88');
INSERT INTO `photos` (`id`, `album_id`, `media_id`) VALUES ('89', '89', '89');
INSERT INTO `photos` (`id`, `album_id`, `media_id`) VALUES ('90', '90', '90');
INSERT INTO `photos` (`id`, `album_id`, `media_id`) VALUES ('91', '91', '91');
INSERT INTO `photos` (`id`, `album_id`, `media_id`) VALUES ('92', '92', '92');
INSERT INTO `photos` (`id`, `album_id`, `media_id`) VALUES ('93', '93', '93');
INSERT INTO `photos` (`id`, `album_id`, `media_id`) VALUES ('94', '94', '94');
INSERT INTO `photos` (`id`, `album_id`, `media_id`) VALUES ('95', '95', '95');
INSERT INTO `photos` (`id`, `album_id`, `media_id`) VALUES ('96', '96', '96');
INSERT INTO `photos` (`id`, `album_id`, `media_id`) VALUES ('97', '97', '97');
INSERT INTO `photos` (`id`, `album_id`, `media_id`) VALUES ('98', '98', '98');
INSERT INTO `photos` (`id`, `album_id`, `media_id`) VALUES ('99', '99', '99');
INSERT INTO `photos` (`id`, `album_id`, `media_id`) VALUES ('100', '100', '100');


#
# TABLE STRUCTURE FOR: profiles
#


INSERT INTO `profiles` (`user_id`, `sex`, `birthday`, `photo_id`, `created_at`, `hometown`) VALUES ('101', ' ', '2006-09-16', '1', '1984-06-21 13:55:16', NULL);
INSERT INTO `profiles` (`user_id`, `sex`, `birthday`, `photo_id`, `created_at`, `hometown`) VALUES ('102', 'm', '2004-12-03', '2', '2012-07-28 11:21:33', NULL);
INSERT INTO `profiles` (`user_id`, `sex`, `birthday`, `photo_id`, `created_at`, `hometown`) VALUES ('103', ' ', '2005-10-07', '3', '2000-03-05 05:50:09', NULL);
INSERT INTO `profiles` (`user_id`, `sex`, `birthday`, `photo_id`, `created_at`, `hometown`) VALUES ('104', ' ', '1991-10-14', '4', '1974-06-21 18:42:38', NULL);
INSERT INTO `profiles` (`user_id`, `sex`, `birthday`, `photo_id`, `created_at`, `hometown`) VALUES ('105', ' ', '1995-02-20', '5', '1987-03-17 06:15:17', NULL);
INSERT INTO `profiles` (`user_id`, `sex`, `birthday`, `photo_id`, `created_at`, `hometown`) VALUES ('107', 'm', '1974-01-28', '6', '2019-09-15 10:05:59', NULL);
INSERT INTO `profiles` (`user_id`, `sex`, `birthday`, `photo_id`, `created_at`, `hometown`) VALUES ('108', 'm', '1998-06-07', '7', '1976-12-18 04:20:17', NULL);
INSERT INTO `profiles` (`user_id`, `sex`, `birthday`, `photo_id`, `created_at`, `hometown`) VALUES ('109', ' ', '2021-04-19', '8', '1990-05-24 07:50:43', NULL);
INSERT INTO `profiles` (`user_id`, `sex`, `birthday`, `photo_id`, `created_at`, `hometown`) VALUES ('110', ' ', '1982-10-13', '9', '1993-11-08 23:59:48', NULL);
INSERT INTO `profiles` (`user_id`, `sex`, `birthday`, `photo_id`, `created_at`, `hometown`) VALUES ('113', 'm', '2002-04-08', '10', '2012-06-21 14:49:08', NULL);
INSERT INTO `profiles` (`user_id`, `sex`, `birthday`, `photo_id`, `created_at`, `hometown`) VALUES ('115', 'm', '1990-09-10', '11', '2006-04-26 12:57:13', NULL);
INSERT INTO `profiles` (`user_id`, `sex`, `birthday`, `photo_id`, `created_at`, `hometown`) VALUES ('116', 'm', '2017-10-14', '12', '1976-12-19 04:41:41', NULL);
INSERT INTO `profiles` (`user_id`, `sex`, `birthday`, `photo_id`, `created_at`, `hometown`) VALUES ('120', 'm', '2007-06-09', '13', '2013-03-07 16:30:18', NULL);
INSERT INTO `profiles` (`user_id`, `sex`, `birthday`, `photo_id`, `created_at`, `hometown`) VALUES ('121', ' ', '1998-03-26', '14', '2014-03-01 09:55:29', NULL);
INSERT INTO `profiles` (`user_id`, `sex`, `birthday`, `photo_id`, `created_at`, `hometown`) VALUES ('122', ' ', '1976-05-02', '15', '1992-08-28 20:10:08', NULL);
INSERT INTO `profiles` (`user_id`, `sex`, `birthday`, `photo_id`, `created_at`, `hometown`) VALUES ('123', 'm', '1982-12-24', '16', '1992-03-12 19:02:54', NULL);
INSERT INTO `profiles` (`user_id`, `sex`, `birthday`, `photo_id`, `created_at`, `hometown`) VALUES ('124', ' ', '2015-05-18', '17', '1991-02-25 05:21:51', NULL);
INSERT INTO `profiles` (`user_id`, `sex`, `birthday`, `photo_id`, `created_at`, `hometown`) VALUES ('128', ' ', '1988-12-17', '18', '2018-08-05 10:19:45', NULL);
INSERT INTO `profiles` (`user_id`, `sex`, `birthday`, `photo_id`, `created_at`, `hometown`) VALUES ('131', 'm', '1975-10-31', '19', '1972-11-29 21:18:02', NULL);
INSERT INTO `profiles` (`user_id`, `sex`, `birthday`, `photo_id`, `created_at`, `hometown`) VALUES ('134', 'm', '1975-08-24', '20', '2016-07-22 19:21:48', NULL);
INSERT INTO `profiles` (`user_id`, `sex`, `birthday`, `photo_id`, `created_at`, `hometown`) VALUES ('136', ' ', '1978-08-29', '21', '1990-06-18 09:40:10', NULL);
INSERT INTO `profiles` (`user_id`, `sex`, `birthday`, `photo_id`, `created_at`, `hometown`) VALUES ('137', 'm', '2010-01-22', '22', '1986-01-15 10:23:01', NULL);
INSERT INTO `profiles` (`user_id`, `sex`, `birthday`, `photo_id`, `created_at`, `hometown`) VALUES ('139', ' ', '2000-03-26', '23', '2017-08-26 23:57:35', NULL);
INSERT INTO `profiles` (`user_id`, `sex`, `birthday`, `photo_id`, `created_at`, `hometown`) VALUES ('142', 'm', '2016-02-03', '24', '1990-11-26 05:55:10', NULL);
INSERT INTO `profiles` (`user_id`, `sex`, `birthday`, `photo_id`, `created_at`, `hometown`) VALUES ('146', ' ', '2011-12-13', '25', '2007-01-27 05:08:32', NULL);
INSERT INTO `profiles` (`user_id`, `sex`, `birthday`, `photo_id`, `created_at`, `hometown`) VALUES ('150', 'm', '2016-01-25', '26', '1988-06-26 20:46:54', NULL);
INSERT INTO `profiles` (`user_id`, `sex`, `birthday`, `photo_id`, `created_at`, `hometown`) VALUES ('152', ' ', '1985-10-24', '27', '1978-01-07 10:07:28', NULL);
INSERT INTO `profiles` (`user_id`, `sex`, `birthday`, `photo_id`, `created_at`, `hometown`) VALUES ('154', ' ', '2014-09-08', '28', '1983-12-30 12:34:18', NULL);
INSERT INTO `profiles` (`user_id`, `sex`, `birthday`, `photo_id`, `created_at`, `hometown`) VALUES ('155', ' ', '1992-10-01', '29', '1976-01-03 13:20:37', NULL);
INSERT INTO `profiles` (`user_id`, `sex`, `birthday`, `photo_id`, `created_at`, `hometown`) VALUES ('156', 'm', '2004-01-26', '30', '2021-07-22 18:50:26', NULL);
INSERT INTO `profiles` (`user_id`, `sex`, `birthday`, `photo_id`, `created_at`, `hometown`) VALUES ('157', ' ', '2005-02-04', '31', '2017-02-04 01:56:49', NULL);
INSERT INTO `profiles` (`user_id`, `sex`, `birthday`, `photo_id`, `created_at`, `hometown`) VALUES ('158', ' ', '1992-10-10', '32', '1998-01-12 06:34:52', NULL);
INSERT INTO `profiles` (`user_id`, `sex`, `birthday`, `photo_id`, `created_at`, `hometown`) VALUES ('163', 'm', '2002-10-20', '33', '2005-07-31 02:55:47', NULL);
INSERT INTO `profiles` (`user_id`, `sex`, `birthday`, `photo_id`, `created_at`, `hometown`) VALUES ('164', 'm', '2019-02-16', '34', '1999-07-29 05:17:58', NULL);
INSERT INTO `profiles` (`user_id`, `sex`, `birthday`, `photo_id`, `created_at`, `hometown`) VALUES ('166', ' ', '1987-05-17', '35', '2000-08-01 21:37:17', NULL);
INSERT INTO `profiles` (`user_id`, `sex`, `birthday`, `photo_id`, `created_at`, `hometown`) VALUES ('167', 'm', '2000-02-05', '36', '2008-09-07 05:14:45', NULL);
INSERT INTO `profiles` (`user_id`, `sex`, `birthday`, `photo_id`, `created_at`, `hometown`) VALUES ('169', ' ', '1995-02-04', '37', '1974-03-24 11:44:29', NULL);
INSERT INTO `profiles` (`user_id`, `sex`, `birthday`, `photo_id`, `created_at`, `hometown`) VALUES ('170', 'm', '1976-10-07', '38', '1978-09-12 20:27:43', NULL);
INSERT INTO `profiles` (`user_id`, `sex`, `birthday`, `photo_id`, `created_at`, `hometown`) VALUES ('175', 'm', '1986-08-29', '39', '1983-02-19 11:20:17', NULL);
INSERT INTO `profiles` (`user_id`, `sex`, `birthday`, `photo_id`, `created_at`, `hometown`) VALUES ('176', ' ', '2011-04-29', '40', '1992-03-25 20:31:32', NULL);
INSERT INTO `profiles` (`user_id`, `sex`, `birthday`, `photo_id`, `created_at`, `hometown`) VALUES ('177', ' ', '2012-08-09', '41', '1976-08-20 03:38:38', NULL);
INSERT INTO `profiles` (`user_id`, `sex`, `birthday`, `photo_id`, `created_at`, `hometown`) VALUES ('180', 'm', '2009-11-13', '42', '2012-10-04 23:04:41', NULL);
INSERT INTO `profiles` (`user_id`, `sex`, `birthday`, `photo_id`, `created_at`, `hometown`) VALUES ('181', ' ', '2014-07-05', '43', '2021-05-30 07:53:48', NULL);
INSERT INTO `profiles` (`user_id`, `sex`, `birthday`, `photo_id`, `created_at`, `hometown`) VALUES ('185', 'm', '1972-01-27', '44', '1991-09-20 11:11:05', NULL);
INSERT INTO `profiles` (`user_id`, `sex`, `birthday`, `photo_id`, `created_at`, `hometown`) VALUES ('186', ' ', '1993-09-01', '45', '2003-01-04 11:20:24', NULL);
INSERT INTO `profiles` (`user_id`, `sex`, `birthday`, `photo_id`, `created_at`, `hometown`) VALUES ('188', ' ', '1998-07-11', '46', '1994-06-24 14:34:27', NULL);
INSERT INTO `profiles` (`user_id`, `sex`, `birthday`, `photo_id`, `created_at`, `hometown`) VALUES ('191', ' ', '1970-09-07', '47', '1970-11-30 05:04:45', NULL);
INSERT INTO `profiles` (`user_id`, `sex`, `birthday`, `photo_id`, `created_at`, `hometown`) VALUES ('194', ' ', '1975-04-26', '48', '1992-12-18 14:55:18', NULL);
INSERT INTO `profiles` (`user_id`, `sex`, `birthday`, `photo_id`, `created_at`, `hometown`) VALUES ('195', 'm', '1979-09-19', '49', '1981-07-22 12:36:18', NULL);
INSERT INTO `profiles` (`user_id`, `sex`, `birthday`, `photo_id`, `created_at`, `hometown`) VALUES ('196', 'm', '1993-05-16', '50', '2003-07-30 07:47:06', NULL);
INSERT INTO `profiles` (`user_id`, `sex`, `birthday`, `photo_id`, `created_at`, `hometown`) VALUES ('199', 'm', '2006-12-15', '51', '1978-03-16 15:59:14', NULL);
INSERT INTO `profiles` (`user_id`, `sex`, `birthday`, `photo_id`, `created_at`, `hometown`) VALUES ('101', ' ', '1988-08-26', '52', '2014-01-11 23:12:56', NULL);
INSERT INTO `profiles` (`user_id`, `sex`, `birthday`, `photo_id`, `created_at`, `hometown`) VALUES ('102', ' ', '1980-11-16', '53', '1990-05-27 05:10:15', NULL);
INSERT INTO `profiles` (`user_id`, `sex`, `birthday`, `photo_id`, `created_at`, `hometown`) VALUES ('103', ' ', '1980-12-17', '54', '1996-03-01 01:24:59', NULL);
INSERT INTO `profiles` (`user_id`, `sex`, `birthday`, `photo_id`, `created_at`, `hometown`) VALUES ('104', ' ', '1997-10-21', '55', '2001-07-20 06:13:52', NULL);
INSERT INTO `profiles` (`user_id`, `sex`, `birthday`, `photo_id`, `created_at`, `hometown`) VALUES ('105', ' ', '1978-12-30', '56', '2006-07-26 11:12:41', NULL);
INSERT INTO `profiles` (`user_id`, `sex`, `birthday`, `photo_id`, `created_at`, `hometown`) VALUES ('107', 'm', '1975-04-01', '57', '1970-06-07 23:35:22', NULL);
INSERT INTO `profiles` (`user_id`, `sex`, `birthday`, `photo_id`, `created_at`, `hometown`) VALUES ('108', 'm', '2008-09-08', '58', '1976-03-10 09:43:45', NULL);
INSERT INTO `profiles` (`user_id`, `sex`, `birthday`, `photo_id`, `created_at`, `hometown`) VALUES ('109', ' ', '1988-09-17', '59', '1975-10-16 03:29:35', NULL);
INSERT INTO `profiles` (`user_id`, `sex`, `birthday`, `photo_id`, `created_at`, `hometown`) VALUES ('110', ' ', '2014-12-02', '60', '1970-02-27 04:12:28', NULL);
INSERT INTO `profiles` (`user_id`, `sex`, `birthday`, `photo_id`, `created_at`, `hometown`) VALUES ('113', 'm', '1972-08-27', '61', '1998-02-24 23:46:39', NULL);
INSERT INTO `profiles` (`user_id`, `sex`, `birthday`, `photo_id`, `created_at`, `hometown`) VALUES ('115', ' ', '2018-08-21', '62', '2012-09-13 20:04:25', NULL);
INSERT INTO `profiles` (`user_id`, `sex`, `birthday`, `photo_id`, `created_at`, `hometown`) VALUES ('116', ' ', '1985-02-20', '63', '2000-04-12 11:03:08', NULL);
INSERT INTO `profiles` (`user_id`, `sex`, `birthday`, `photo_id`, `created_at`, `hometown`) VALUES ('120', 'm', '1997-03-06', '64', '1985-12-09 17:10:22', NULL);
INSERT INTO `profiles` (`user_id`, `sex`, `birthday`, `photo_id`, `created_at`, `hometown`) VALUES ('121', ' ', '1980-02-29', '65', '2010-07-01 17:10:02', NULL);
INSERT INTO `profiles` (`user_id`, `sex`, `birthday`, `photo_id`, `created_at`, `hometown`) VALUES ('122', 'm', '2020-12-06', '66', '1997-09-25 07:10:01', NULL);
INSERT INTO `profiles` (`user_id`, `sex`, `birthday`, `photo_id`, `created_at`, `hometown`) VALUES ('123', 'm', '1973-03-24', '67', '1980-07-02 18:37:07', NULL);
INSERT INTO `profiles` (`user_id`, `sex`, `birthday`, `photo_id`, `created_at`, `hometown`) VALUES ('124', ' ', '2005-05-29', '68', '1974-03-01 05:58:24', NULL);
INSERT INTO `profiles` (`user_id`, `sex`, `birthday`, `photo_id`, `created_at`, `hometown`) VALUES ('128', 'm', '2010-05-22', '69', '2010-01-20 22:40:52', NULL);
INSERT INTO `profiles` (`user_id`, `sex`, `birthday`, `photo_id`, `created_at`, `hometown`) VALUES ('131', ' ', '1983-09-22', '70', '1986-09-18 21:17:13', NULL);
INSERT INTO `profiles` (`user_id`, `sex`, `birthday`, `photo_id`, `created_at`, `hometown`) VALUES ('134', 'm', '2008-04-18', '71', '1993-06-04 03:21:50', NULL);
INSERT INTO `profiles` (`user_id`, `sex`, `birthday`, `photo_id`, `created_at`, `hometown`) VALUES ('136', ' ', '2006-06-13', '72', '1985-04-16 04:41:07', NULL);
INSERT INTO `profiles` (`user_id`, `sex`, `birthday`, `photo_id`, `created_at`, `hometown`) VALUES ('137', ' ', '2019-11-17', '73', '1996-08-20 17:52:47', NULL);
INSERT INTO `profiles` (`user_id`, `sex`, `birthday`, `photo_id`, `created_at`, `hometown`) VALUES ('139', 'm', '2021-02-19', '74', '1995-06-16 05:32:19', NULL);
INSERT INTO `profiles` (`user_id`, `sex`, `birthday`, `photo_id`, `created_at`, `hometown`) VALUES ('142', ' ', '2012-03-17', '75', '1974-05-14 17:54:44', NULL);
INSERT INTO `profiles` (`user_id`, `sex`, `birthday`, `photo_id`, `created_at`, `hometown`) VALUES ('146', 'm', '1990-11-28', '76', '1984-01-14 06:23:05', NULL);
INSERT INTO `profiles` (`user_id`, `sex`, `birthday`, `photo_id`, `created_at`, `hometown`) VALUES ('150', 'm', '2016-10-27', '77', '2015-02-12 15:19:28', NULL);
INSERT INTO `profiles` (`user_id`, `sex`, `birthday`, `photo_id`, `created_at`, `hometown`) VALUES ('152', ' ', '1976-11-24', '78', '2010-01-30 19:35:49', NULL);
INSERT INTO `profiles` (`user_id`, `sex`, `birthday`, `photo_id`, `created_at`, `hometown`) VALUES ('154', 'm', '2000-01-29', '79', '1997-07-20 14:29:22', NULL);
INSERT INTO `profiles` (`user_id`, `sex`, `birthday`, `photo_id`, `created_at`, `hometown`) VALUES ('155', 'm', '2011-10-06', '80', '2021-03-19 06:21:54', NULL);
INSERT INTO `profiles` (`user_id`, `sex`, `birthday`, `photo_id`, `created_at`, `hometown`) VALUES ('156', ' ', '1988-04-24', '81', '2003-07-23 07:22:44', NULL);
INSERT INTO `profiles` (`user_id`, `sex`, `birthday`, `photo_id`, `created_at`, `hometown`) VALUES ('157', 'm', '1996-05-03', '82', '2015-06-06 07:13:29', NULL);
INSERT INTO `profiles` (`user_id`, `sex`, `birthday`, `photo_id`, `created_at`, `hometown`) VALUES ('158', ' ', '2020-07-10', '83', '1992-07-07 03:12:57', NULL);
INSERT INTO `profiles` (`user_id`, `sex`, `birthday`, `photo_id`, `created_at`, `hometown`) VALUES ('163', 'm', '1998-08-07', '84', '1996-05-03 08:10:04', NULL);
INSERT INTO `profiles` (`user_id`, `sex`, `birthday`, `photo_id`, `created_at`, `hometown`) VALUES ('164', ' ', '1979-01-09', '85', '1975-12-06 15:47:15', NULL);
INSERT INTO `profiles` (`user_id`, `sex`, `birthday`, `photo_id`, `created_at`, `hometown`) VALUES ('166', ' ', '2003-10-05', '86', '1974-05-18 02:10:10', NULL);
INSERT INTO `profiles` (`user_id`, `sex`, `birthday`, `photo_id`, `created_at`, `hometown`) VALUES ('167', ' ', '1997-03-12', '87', '1979-12-20 09:24:24', NULL);
INSERT INTO `profiles` (`user_id`, `sex`, `birthday`, `photo_id`, `created_at`, `hometown`) VALUES ('169', ' ', '1975-03-30', '88', '1977-03-23 20:15:32', NULL);
INSERT INTO `profiles` (`user_id`, `sex`, `birthday`, `photo_id`, `created_at`, `hometown`) VALUES ('170', ' ', '2021-03-28', '89', '2008-03-07 22:11:39', NULL);
INSERT INTO `profiles` (`user_id`, `sex`, `birthday`, `photo_id`, `created_at`, `hometown`) VALUES ('175', 'm', '2019-06-27', '90', '1995-08-29 00:07:43', NULL);
INSERT INTO `profiles` (`user_id`, `sex`, `birthday`, `photo_id`, `created_at`, `hometown`) VALUES ('176', ' ', '2014-09-22', '91', '2008-05-07 04:19:01', NULL);
INSERT INTO `profiles` (`user_id`, `sex`, `birthday`, `photo_id`, `created_at`, `hometown`) VALUES ('177', 'm', '1981-07-24', '92', '1974-11-09 10:50:58', NULL);
INSERT INTO `profiles` (`user_id`, `sex`, `birthday`, `photo_id`, `created_at`, `hometown`) VALUES ('180', 'm', '1996-03-02', '93', '1989-11-01 23:22:43', NULL);
INSERT INTO `profiles` (`user_id`, `sex`, `birthday`, `photo_id`, `created_at`, `hometown`) VALUES ('181', 'm', '1999-03-20', '94', '1985-08-11 01:27:17', NULL);
INSERT INTO `profiles` (`user_id`, `sex`, `birthday`, `photo_id`, `created_at`, `hometown`) VALUES ('185', 'm', '2011-02-05', '95', '2004-10-02 22:31:29', NULL);
INSERT INTO `profiles` (`user_id`, `sex`, `birthday`, `photo_id`, `created_at`, `hometown`) VALUES ('186', ' ', '2009-04-24', '96', '1987-04-10 09:32:36', NULL);
INSERT INTO `profiles` (`user_id`, `sex`, `birthday`, `photo_id`, `created_at`, `hometown`) VALUES ('188', 'm', '2011-12-25', '97', '1993-08-04 07:29:29', NULL);
INSERT INTO `profiles` (`user_id`, `sex`, `birthday`, `photo_id`, `created_at`, `hometown`) VALUES ('191', 'm', '1970-08-24', '98', '2014-11-06 05:35:04', NULL);
INSERT INTO `profiles` (`user_id`, `sex`, `birthday`, `photo_id`, `created_at`, `hometown`) VALUES ('194', 'm', '2000-01-20', '99', '1970-06-14 20:09:16', NULL);
INSERT INTO `profiles` (`user_id`, `sex`, `birthday`, `photo_id`, `created_at`, `hometown`) VALUES ('195', 'm', '2006-07-17', '100', '1994-04-26 13:52:43', NULL);


#
# TABLE STRUCTURE FOR: reminder
#


INSERT INTO `reminder` (`id`, `add_user_id`, `name`, `created_at`, `appointed_at`) VALUES ('1', '101', 'porro', '2021-10-22 23:31:15', '1971-12-09 16:27:36');
INSERT INTO `reminder` (`id`, `add_user_id`, `name`, `created_at`, `appointed_at`) VALUES ('2', '102', 'voluptas', '2012-11-03 04:10:12', '2014-06-05 23:57:36');
INSERT INTO `reminder` (`id`, `add_user_id`, `name`, `created_at`, `appointed_at`) VALUES ('3', '103', 'doloremque', '1978-12-13 23:02:41', '1976-10-04 06:20:03');
INSERT INTO `reminder` (`id`, `add_user_id`, `name`, `created_at`, `appointed_at`) VALUES ('4', '104', 'maxime', '1974-10-30 16:37:15', '2018-09-22 16:27:02');
INSERT INTO `reminder` (`id`, `add_user_id`, `name`, `created_at`, `appointed_at`) VALUES ('5', '105', 'autem', '1972-08-09 12:57:39', '2005-08-17 07:20:32');
INSERT INTO `reminder` (`id`, `add_user_id`, `name`, `created_at`, `appointed_at`) VALUES ('6', '107', 'illum', '1981-08-19 09:07:04', '2005-09-14 09:27:13');
INSERT INTO `reminder` (`id`, `add_user_id`, `name`, `created_at`, `appointed_at`) VALUES ('7', '108', 'perferendis', '1982-01-22 01:46:20', '2012-08-13 22:26:14');
INSERT INTO `reminder` (`id`, `add_user_id`, `name`, `created_at`, `appointed_at`) VALUES ('8', '109', 'repellendus', '1974-02-10 18:59:39', '2011-02-20 11:14:17');
INSERT INTO `reminder` (`id`, `add_user_id`, `name`, `created_at`, `appointed_at`) VALUES ('9', '110', 'facilis', '2003-05-08 01:53:45', '1997-08-01 22:12:50');
INSERT INTO `reminder` (`id`, `add_user_id`, `name`, `created_at`, `appointed_at`) VALUES ('10', '113', 'ut', '2005-11-16 21:11:18', '1999-09-17 08:12:18');
INSERT INTO `reminder` (`id`, `add_user_id`, `name`, `created_at`, `appointed_at`) VALUES ('11', '115', 'praesentium', '1971-05-22 02:26:54', '1978-12-02 20:47:28');
INSERT INTO `reminder` (`id`, `add_user_id`, `name`, `created_at`, `appointed_at`) VALUES ('12', '116', 'iusto', '1982-11-22 07:56:54', '1975-12-19 00:24:52');
INSERT INTO `reminder` (`id`, `add_user_id`, `name`, `created_at`, `appointed_at`) VALUES ('13', '120', 'doloremque', '2007-08-12 07:09:26', '1995-12-04 05:20:12');
INSERT INTO `reminder` (`id`, `add_user_id`, `name`, `created_at`, `appointed_at`) VALUES ('14', '121', 'magnam', '1993-12-26 04:07:13', '1982-08-06 04:51:52');
INSERT INTO `reminder` (`id`, `add_user_id`, `name`, `created_at`, `appointed_at`) VALUES ('15', '122', 'possimus', '2012-08-03 21:13:35', '2013-05-23 14:40:26');
INSERT INTO `reminder` (`id`, `add_user_id`, `name`, `created_at`, `appointed_at`) VALUES ('16', '123', 'ut', '2008-07-19 07:54:55', '2010-07-29 06:48:09');
INSERT INTO `reminder` (`id`, `add_user_id`, `name`, `created_at`, `appointed_at`) VALUES ('17', '124', 'ratione', '2001-10-17 15:08:44', '2018-08-01 07:19:33');
INSERT INTO `reminder` (`id`, `add_user_id`, `name`, `created_at`, `appointed_at`) VALUES ('18', '128', 'aut', '1987-05-10 14:34:40', '2013-08-18 12:45:56');
INSERT INTO `reminder` (`id`, `add_user_id`, `name`, `created_at`, `appointed_at`) VALUES ('19', '131', 'nobis', '2007-12-12 10:17:28', '1975-02-05 23:04:28');
INSERT INTO `reminder` (`id`, `add_user_id`, `name`, `created_at`, `appointed_at`) VALUES ('20', '134', 'est', '2009-09-20 02:36:59', '1978-06-23 23:31:17');
INSERT INTO `reminder` (`id`, `add_user_id`, `name`, `created_at`, `appointed_at`) VALUES ('21', '136', 'earum', '1971-06-29 09:52:59', '2004-06-18 01:21:26');
INSERT INTO `reminder` (`id`, `add_user_id`, `name`, `created_at`, `appointed_at`) VALUES ('22', '137', 'voluptates', '1984-03-17 04:36:38', '1993-05-17 21:35:51');
INSERT INTO `reminder` (`id`, `add_user_id`, `name`, `created_at`, `appointed_at`) VALUES ('23', '139', 'numquam', '2006-12-28 03:51:10', '1981-01-14 14:15:50');
INSERT INTO `reminder` (`id`, `add_user_id`, `name`, `created_at`, `appointed_at`) VALUES ('24', '142', 'repellat', '1997-12-30 17:48:36', '2021-01-13 20:20:02');
INSERT INTO `reminder` (`id`, `add_user_id`, `name`, `created_at`, `appointed_at`) VALUES ('25', '146', 'et', '2019-10-10 20:25:44', '2007-10-06 06:04:55');
INSERT INTO `reminder` (`id`, `add_user_id`, `name`, `created_at`, `appointed_at`) VALUES ('26', '150', 'veritatis', '2016-02-22 20:09:58', '2000-07-26 23:23:27');
INSERT INTO `reminder` (`id`, `add_user_id`, `name`, `created_at`, `appointed_at`) VALUES ('27', '152', 'in', '2009-10-19 12:43:26', '2005-06-16 04:30:35');
INSERT INTO `reminder` (`id`, `add_user_id`, `name`, `created_at`, `appointed_at`) VALUES ('28', '154', 'architecto', '1975-03-10 18:48:12', '1974-06-16 02:56:51');
INSERT INTO `reminder` (`id`, `add_user_id`, `name`, `created_at`, `appointed_at`) VALUES ('29', '155', 'et', '1978-09-09 19:10:33', '1979-12-27 22:47:33');
INSERT INTO `reminder` (`id`, `add_user_id`, `name`, `created_at`, `appointed_at`) VALUES ('30', '156', 'ut', '1973-07-10 04:13:34', '2008-08-08 23:08:58');
INSERT INTO `reminder` (`id`, `add_user_id`, `name`, `created_at`, `appointed_at`) VALUES ('31', '157', 'a', '1989-10-20 15:06:09', '1996-08-15 13:50:07');
INSERT INTO `reminder` (`id`, `add_user_id`, `name`, `created_at`, `appointed_at`) VALUES ('32', '158', 'consequatur', '1987-08-28 19:40:39', '1977-05-01 12:35:57');
INSERT INTO `reminder` (`id`, `add_user_id`, `name`, `created_at`, `appointed_at`) VALUES ('33', '163', 'corporis', '1999-04-13 15:26:30', '2014-06-19 09:30:16');
INSERT INTO `reminder` (`id`, `add_user_id`, `name`, `created_at`, `appointed_at`) VALUES ('34', '164', 'dicta', '1991-06-07 08:21:15', '1973-06-12 06:25:35');
INSERT INTO `reminder` (`id`, `add_user_id`, `name`, `created_at`, `appointed_at`) VALUES ('35', '166', 'esse', '2001-05-16 15:45:42', '1999-02-19 15:46:24');
INSERT INTO `reminder` (`id`, `add_user_id`, `name`, `created_at`, `appointed_at`) VALUES ('36', '167', 'cum', '1978-09-14 13:43:54', '1986-01-04 03:57:05');
INSERT INTO `reminder` (`id`, `add_user_id`, `name`, `created_at`, `appointed_at`) VALUES ('37', '169', 'laudantium', '1987-08-09 22:07:09', '1998-09-11 10:51:10');
INSERT INTO `reminder` (`id`, `add_user_id`, `name`, `created_at`, `appointed_at`) VALUES ('38', '170', 'ut', '2004-06-20 02:38:12', '2021-11-28 14:13:59');
INSERT INTO `reminder` (`id`, `add_user_id`, `name`, `created_at`, `appointed_at`) VALUES ('39', '175', 'sed', '1971-03-27 02:43:21', '2015-10-18 11:53:07');
INSERT INTO `reminder` (`id`, `add_user_id`, `name`, `created_at`, `appointed_at`) VALUES ('40', '176', 'deleniti', '1993-06-27 00:53:42', '1975-11-21 05:17:04');
INSERT INTO `reminder` (`id`, `add_user_id`, `name`, `created_at`, `appointed_at`) VALUES ('41', '177', 'et', '2018-11-16 08:28:48', '2005-09-27 21:10:00');
INSERT INTO `reminder` (`id`, `add_user_id`, `name`, `created_at`, `appointed_at`) VALUES ('42', '180', 'amet', '1982-07-22 22:27:16', '2019-06-18 08:58:42');
INSERT INTO `reminder` (`id`, `add_user_id`, `name`, `created_at`, `appointed_at`) VALUES ('43', '181', 'atque', '1975-09-15 16:03:08', '1992-10-08 05:01:34');
INSERT INTO `reminder` (`id`, `add_user_id`, `name`, `created_at`, `appointed_at`) VALUES ('44', '185', 'aut', '1971-08-10 11:10:29', '1982-01-05 17:24:18');
INSERT INTO `reminder` (`id`, `add_user_id`, `name`, `created_at`, `appointed_at`) VALUES ('45', '186', 'non', '1974-03-16 04:01:34', '1994-09-26 21:40:56');
INSERT INTO `reminder` (`id`, `add_user_id`, `name`, `created_at`, `appointed_at`) VALUES ('46', '188', 'voluptatem', '1993-04-23 09:36:43', '1970-11-17 14:59:49');
INSERT INTO `reminder` (`id`, `add_user_id`, `name`, `created_at`, `appointed_at`) VALUES ('47', '191', 'et', '1984-06-10 18:38:38', '2019-03-09 23:19:22');
INSERT INTO `reminder` (`id`, `add_user_id`, `name`, `created_at`, `appointed_at`) VALUES ('48', '194', 'eos', '2020-08-31 14:53:36', '2003-03-31 03:20:12');
INSERT INTO `reminder` (`id`, `add_user_id`, `name`, `created_at`, `appointed_at`) VALUES ('49', '195', 'excepturi', '1993-02-25 23:18:25', '1972-03-29 01:26:14');
INSERT INTO `reminder` (`id`, `add_user_id`, `name`, `created_at`, `appointed_at`) VALUES ('50', '196', 'voluptas', '2018-01-18 20:39:10', '2013-03-07 20:28:22');
INSERT INTO `reminder` (`id`, `add_user_id`, `name`, `created_at`, `appointed_at`) VALUES ('51', '199', 'dignissimos', '1979-01-24 16:57:51', '2018-03-27 01:04:38');
INSERT INTO `reminder` (`id`, `add_user_id`, `name`, `created_at`, `appointed_at`) VALUES ('52', '101', 'qui', '2020-09-14 07:03:58', '1986-05-04 10:35:13');
INSERT INTO `reminder` (`id`, `add_user_id`, `name`, `created_at`, `appointed_at`) VALUES ('53', '102', 'rerum', '2014-05-04 12:02:03', '1980-09-02 07:51:52');
INSERT INTO `reminder` (`id`, `add_user_id`, `name`, `created_at`, `appointed_at`) VALUES ('54', '103', 'qui', '1983-11-15 11:48:43', '2003-06-03 13:49:59');
INSERT INTO `reminder` (`id`, `add_user_id`, `name`, `created_at`, `appointed_at`) VALUES ('55', '104', 'quis', '2015-11-24 08:15:22', '2017-08-18 12:14:42');
INSERT INTO `reminder` (`id`, `add_user_id`, `name`, `created_at`, `appointed_at`) VALUES ('56', '105', 'incidunt', '2014-04-27 11:21:00', '1976-05-15 11:58:05');
INSERT INTO `reminder` (`id`, `add_user_id`, `name`, `created_at`, `appointed_at`) VALUES ('57', '107', 'voluptatem', '2003-06-27 17:14:03', '1987-01-14 22:04:00');
INSERT INTO `reminder` (`id`, `add_user_id`, `name`, `created_at`, `appointed_at`) VALUES ('58', '108', 'numquam', '1977-06-03 21:48:38', '1998-05-02 05:31:34');
INSERT INTO `reminder` (`id`, `add_user_id`, `name`, `created_at`, `appointed_at`) VALUES ('59', '109', 'perspiciatis', '1995-03-03 11:43:21', '1971-08-26 00:01:24');
INSERT INTO `reminder` (`id`, `add_user_id`, `name`, `created_at`, `appointed_at`) VALUES ('60', '110', 'quia', '1990-03-01 23:58:40', '2003-02-08 00:32:24');
INSERT INTO `reminder` (`id`, `add_user_id`, `name`, `created_at`, `appointed_at`) VALUES ('61', '113', 'blanditiis', '2005-08-12 18:11:43', '1983-04-13 05:55:13');
INSERT INTO `reminder` (`id`, `add_user_id`, `name`, `created_at`, `appointed_at`) VALUES ('62', '115', 'fugit', '1976-03-13 10:45:17', '2004-12-02 11:45:35');
INSERT INTO `reminder` (`id`, `add_user_id`, `name`, `created_at`, `appointed_at`) VALUES ('63', '116', 'est', '2019-11-14 19:42:27', '2008-05-01 23:17:21');
INSERT INTO `reminder` (`id`, `add_user_id`, `name`, `created_at`, `appointed_at`) VALUES ('64', '120', 'voluptas', '1974-06-12 04:18:51', '1976-08-27 19:59:07');
INSERT INTO `reminder` (`id`, `add_user_id`, `name`, `created_at`, `appointed_at`) VALUES ('65', '121', 'eum', '1995-01-15 12:06:12', '2014-12-05 07:02:26');
INSERT INTO `reminder` (`id`, `add_user_id`, `name`, `created_at`, `appointed_at`) VALUES ('66', '122', 'optio', '1984-03-09 11:27:42', '1977-11-02 02:07:32');
INSERT INTO `reminder` (`id`, `add_user_id`, `name`, `created_at`, `appointed_at`) VALUES ('67', '123', 'et', '2005-08-20 09:09:39', '1970-08-18 19:46:06');
INSERT INTO `reminder` (`id`, `add_user_id`, `name`, `created_at`, `appointed_at`) VALUES ('68', '124', 'cum', '1977-10-26 09:47:59', '1971-11-17 22:54:44');
INSERT INTO `reminder` (`id`, `add_user_id`, `name`, `created_at`, `appointed_at`) VALUES ('69', '128', 'totam', '2005-01-26 11:36:43', '2003-03-18 07:38:11');
INSERT INTO `reminder` (`id`, `add_user_id`, `name`, `created_at`, `appointed_at`) VALUES ('70', '131', 'dolores', '2004-07-26 12:00:25', '1983-01-19 12:20:03');
INSERT INTO `reminder` (`id`, `add_user_id`, `name`, `created_at`, `appointed_at`) VALUES ('71', '134', 'nihil', '1977-07-17 15:55:37', '2018-07-15 06:09:56');
INSERT INTO `reminder` (`id`, `add_user_id`, `name`, `created_at`, `appointed_at`) VALUES ('72', '136', 'sunt', '1987-04-22 14:31:33', '1976-01-19 16:26:00');
INSERT INTO `reminder` (`id`, `add_user_id`, `name`, `created_at`, `appointed_at`) VALUES ('73', '137', 'et', '1970-09-07 11:34:23', '2016-09-13 08:10:32');
INSERT INTO `reminder` (`id`, `add_user_id`, `name`, `created_at`, `appointed_at`) VALUES ('74', '139', 'delectus', '1974-07-04 19:14:07', '2006-08-18 06:52:16');
INSERT INTO `reminder` (`id`, `add_user_id`, `name`, `created_at`, `appointed_at`) VALUES ('75', '142', 'ut', '1995-12-25 10:17:07', '1976-04-27 05:03:52');
INSERT INTO `reminder` (`id`, `add_user_id`, `name`, `created_at`, `appointed_at`) VALUES ('76', '146', 'et', '1993-08-13 17:16:49', '1978-05-28 13:24:42');
INSERT INTO `reminder` (`id`, `add_user_id`, `name`, `created_at`, `appointed_at`) VALUES ('77', '150', 'sit', '2009-07-04 16:20:22', '1970-07-07 04:15:02');
INSERT INTO `reminder` (`id`, `add_user_id`, `name`, `created_at`, `appointed_at`) VALUES ('78', '152', 'dolorem', '1982-01-28 05:01:41', '1991-04-04 21:12:51');
INSERT INTO `reminder` (`id`, `add_user_id`, `name`, `created_at`, `appointed_at`) VALUES ('79', '154', 'eligendi', '2020-08-13 13:36:18', '2006-08-22 18:38:30');
INSERT INTO `reminder` (`id`, `add_user_id`, `name`, `created_at`, `appointed_at`) VALUES ('80', '155', 'quo', '2015-12-29 20:11:32', '1995-06-01 10:56:04');
INSERT INTO `reminder` (`id`, `add_user_id`, `name`, `created_at`, `appointed_at`) VALUES ('81', '156', 'id', '1990-08-02 16:49:21', '1986-04-03 11:39:52');
INSERT INTO `reminder` (`id`, `add_user_id`, `name`, `created_at`, `appointed_at`) VALUES ('82', '157', 'quia', '1995-10-20 17:45:42', '1979-08-07 16:24:15');
INSERT INTO `reminder` (`id`, `add_user_id`, `name`, `created_at`, `appointed_at`) VALUES ('83', '158', 'asperiores', '2013-07-18 02:30:16', '1975-07-20 22:39:01');
INSERT INTO `reminder` (`id`, `add_user_id`, `name`, `created_at`, `appointed_at`) VALUES ('84', '163', 'ex', '2006-03-30 02:00:16', '1981-11-01 15:14:29');
INSERT INTO `reminder` (`id`, `add_user_id`, `name`, `created_at`, `appointed_at`) VALUES ('85', '164', 'vero', '1978-03-06 09:54:22', '1988-11-14 13:54:23');
INSERT INTO `reminder` (`id`, `add_user_id`, `name`, `created_at`, `appointed_at`) VALUES ('86', '166', 'provident', '2012-11-16 19:11:06', '1996-10-19 00:42:57');
INSERT INTO `reminder` (`id`, `add_user_id`, `name`, `created_at`, `appointed_at`) VALUES ('87', '167', 'repellat', '1999-01-02 01:37:28', '1996-01-15 04:40:04');
INSERT INTO `reminder` (`id`, `add_user_id`, `name`, `created_at`, `appointed_at`) VALUES ('88', '169', 'voluptatibus', '1970-09-13 16:24:56', '1993-12-29 06:24:21');
INSERT INTO `reminder` (`id`, `add_user_id`, `name`, `created_at`, `appointed_at`) VALUES ('89', '170', 'dolorum', '1994-04-13 11:25:59', '1979-09-17 12:26:14');
INSERT INTO `reminder` (`id`, `add_user_id`, `name`, `created_at`, `appointed_at`) VALUES ('90', '175', 'rem', '2019-04-23 18:40:58', '1992-12-04 18:30:44');
INSERT INTO `reminder` (`id`, `add_user_id`, `name`, `created_at`, `appointed_at`) VALUES ('91', '176', 'vel', '1998-05-27 15:48:10', '2013-07-05 16:04:17');
INSERT INTO `reminder` (`id`, `add_user_id`, `name`, `created_at`, `appointed_at`) VALUES ('92', '177', 'sequi', '2008-11-24 02:32:09', '1976-05-17 20:35:08');
INSERT INTO `reminder` (`id`, `add_user_id`, `name`, `created_at`, `appointed_at`) VALUES ('93', '180', 'reiciendis', '2006-09-13 08:05:05', '1996-05-10 14:50:33');
INSERT INTO `reminder` (`id`, `add_user_id`, `name`, `created_at`, `appointed_at`) VALUES ('94', '181', 'veritatis', '1972-08-24 16:29:53', '2019-06-25 07:46:46');
INSERT INTO `reminder` (`id`, `add_user_id`, `name`, `created_at`, `appointed_at`) VALUES ('95', '185', 'molestiae', '2011-11-09 18:53:17', '1983-01-16 18:40:52');
INSERT INTO `reminder` (`id`, `add_user_id`, `name`, `created_at`, `appointed_at`) VALUES ('96', '186', 'laborum', '1981-12-26 01:15:48', '2017-07-14 11:42:44');
INSERT INTO `reminder` (`id`, `add_user_id`, `name`, `created_at`, `appointed_at`) VALUES ('97', '188', 'et', '1972-05-07 03:25:04', '2012-01-06 05:28:40');
INSERT INTO `reminder` (`id`, `add_user_id`, `name`, `created_at`, `appointed_at`) VALUES ('98', '191', 'laudantium', '1974-10-11 08:38:12', '2003-01-27 07:59:56');
INSERT INTO `reminder` (`id`, `add_user_id`, `name`, `created_at`, `appointed_at`) VALUES ('99', '194', 'ex', '1983-12-05 16:14:58', '1996-02-21 17:43:21');
INSERT INTO `reminder` (`id`, `add_user_id`, `name`, `created_at`, `appointed_at`) VALUES ('100', '195', 'est', '2005-11-21 07:49:32', '1995-09-01 13:13:27');


#
# TABLE STRUCTURE FOR: user_communities
#

INSERT INTO `user_communities` (`user_id`, `community_id`) VALUES ('101', '1');
INSERT INTO `user_communities` (`user_id`, `community_id`) VALUES ('101', '52');
INSERT INTO `user_communities` (`user_id`, `community_id`) VALUES ('102', '2');
INSERT INTO `user_communities` (`user_id`, `community_id`) VALUES ('102', '53');
INSERT INTO `user_communities` (`user_id`, `community_id`) VALUES ('103', '3');
INSERT INTO `user_communities` (`user_id`, `community_id`) VALUES ('103', '54');
INSERT INTO `user_communities` (`user_id`, `community_id`) VALUES ('104', '4');
INSERT INTO `user_communities` (`user_id`, `community_id`) VALUES ('104', '55');
INSERT INTO `user_communities` (`user_id`, `community_id`) VALUES ('105', '5');
INSERT INTO `user_communities` (`user_id`, `community_id`) VALUES ('105', '56');
INSERT INTO `user_communities` (`user_id`, `community_id`) VALUES ('107', '6');
INSERT INTO `user_communities` (`user_id`, `community_id`) VALUES ('107', '57');
INSERT INTO `user_communities` (`user_id`, `community_id`) VALUES ('108', '7');
INSERT INTO `user_communities` (`user_id`, `community_id`) VALUES ('108', '58');
INSERT INTO `user_communities` (`user_id`, `community_id`) VALUES ('109', '8');
INSERT INTO `user_communities` (`user_id`, `community_id`) VALUES ('109', '59');
INSERT INTO `user_communities` (`user_id`, `community_id`) VALUES ('110', '9');
INSERT INTO `user_communities` (`user_id`, `community_id`) VALUES ('110', '60');
INSERT INTO `user_communities` (`user_id`, `community_id`) VALUES ('113', '10');
INSERT INTO `user_communities` (`user_id`, `community_id`) VALUES ('113', '61');
INSERT INTO `user_communities` (`user_id`, `community_id`) VALUES ('115', '11');
INSERT INTO `user_communities` (`user_id`, `community_id`) VALUES ('115', '62');
INSERT INTO `user_communities` (`user_id`, `community_id`) VALUES ('116', '12');
INSERT INTO `user_communities` (`user_id`, `community_id`) VALUES ('116', '63');
INSERT INTO `user_communities` (`user_id`, `community_id`) VALUES ('120', '13');
INSERT INTO `user_communities` (`user_id`, `community_id`) VALUES ('120', '64');
INSERT INTO `user_communities` (`user_id`, `community_id`) VALUES ('121', '14');
INSERT INTO `user_communities` (`user_id`, `community_id`) VALUES ('121', '65');
INSERT INTO `user_communities` (`user_id`, `community_id`) VALUES ('122', '15');
INSERT INTO `user_communities` (`user_id`, `community_id`) VALUES ('122', '66');
INSERT INTO `user_communities` (`user_id`, `community_id`) VALUES ('123', '16');
INSERT INTO `user_communities` (`user_id`, `community_id`) VALUES ('123', '67');
INSERT INTO `user_communities` (`user_id`, `community_id`) VALUES ('124', '17');
INSERT INTO `user_communities` (`user_id`, `community_id`) VALUES ('124', '68');
INSERT INTO `user_communities` (`user_id`, `community_id`) VALUES ('128', '18');
INSERT INTO `user_communities` (`user_id`, `community_id`) VALUES ('128', '69');
INSERT INTO `user_communities` (`user_id`, `community_id`) VALUES ('131', '19');
INSERT INTO `user_communities` (`user_id`, `community_id`) VALUES ('131', '70');
INSERT INTO `user_communities` (`user_id`, `community_id`) VALUES ('134', '20');
INSERT INTO `user_communities` (`user_id`, `community_id`) VALUES ('134', '71');
INSERT INTO `user_communities` (`user_id`, `community_id`) VALUES ('136', '21');
INSERT INTO `user_communities` (`user_id`, `community_id`) VALUES ('136', '72');
INSERT INTO `user_communities` (`user_id`, `community_id`) VALUES ('137', '22');
INSERT INTO `user_communities` (`user_id`, `community_id`) VALUES ('137', '73');
INSERT INTO `user_communities` (`user_id`, `community_id`) VALUES ('139', '23');
INSERT INTO `user_communities` (`user_id`, `community_id`) VALUES ('139', '74');
INSERT INTO `user_communities` (`user_id`, `community_id`) VALUES ('142', '24');
INSERT INTO `user_communities` (`user_id`, `community_id`) VALUES ('142', '75');
INSERT INTO `user_communities` (`user_id`, `community_id`) VALUES ('146', '25');
INSERT INTO `user_communities` (`user_id`, `community_id`) VALUES ('146', '76');
INSERT INTO `user_communities` (`user_id`, `community_id`) VALUES ('150', '26');
INSERT INTO `user_communities` (`user_id`, `community_id`) VALUES ('150', '77');
INSERT INTO `user_communities` (`user_id`, `community_id`) VALUES ('152', '27');
INSERT INTO `user_communities` (`user_id`, `community_id`) VALUES ('152', '78');
INSERT INTO `user_communities` (`user_id`, `community_id`) VALUES ('154', '28');
INSERT INTO `user_communities` (`user_id`, `community_id`) VALUES ('154', '79');
INSERT INTO `user_communities` (`user_id`, `community_id`) VALUES ('155', '29');
INSERT INTO `user_communities` (`user_id`, `community_id`) VALUES ('155', '80');
INSERT INTO `user_communities` (`user_id`, `community_id`) VALUES ('156', '30');
INSERT INTO `user_communities` (`user_id`, `community_id`) VALUES ('156', '81');
INSERT INTO `user_communities` (`user_id`, `community_id`) VALUES ('157', '31');
INSERT INTO `user_communities` (`user_id`, `community_id`) VALUES ('157', '82');
INSERT INTO `user_communities` (`user_id`, `community_id`) VALUES ('158', '32');
INSERT INTO `user_communities` (`user_id`, `community_id`) VALUES ('158', '83');
INSERT INTO `user_communities` (`user_id`, `community_id`) VALUES ('163', '33');
INSERT INTO `user_communities` (`user_id`, `community_id`) VALUES ('163', '84');
INSERT INTO `user_communities` (`user_id`, `community_id`) VALUES ('164', '34');
INSERT INTO `user_communities` (`user_id`, `community_id`) VALUES ('164', '85');
INSERT INTO `user_communities` (`user_id`, `community_id`) VALUES ('166', '35');
INSERT INTO `user_communities` (`user_id`, `community_id`) VALUES ('166', '86');
INSERT INTO `user_communities` (`user_id`, `community_id`) VALUES ('167', '36');
INSERT INTO `user_communities` (`user_id`, `community_id`) VALUES ('167', '87');
INSERT INTO `user_communities` (`user_id`, `community_id`) VALUES ('169', '37');
INSERT INTO `user_communities` (`user_id`, `community_id`) VALUES ('169', '88');
INSERT INTO `user_communities` (`user_id`, `community_id`) VALUES ('170', '38');
INSERT INTO `user_communities` (`user_id`, `community_id`) VALUES ('170', '89');
INSERT INTO `user_communities` (`user_id`, `community_id`) VALUES ('175', '39');
INSERT INTO `user_communities` (`user_id`, `community_id`) VALUES ('175', '90');
INSERT INTO `user_communities` (`user_id`, `community_id`) VALUES ('176', '40');
INSERT INTO `user_communities` (`user_id`, `community_id`) VALUES ('176', '91');
INSERT INTO `user_communities` (`user_id`, `community_id`) VALUES ('177', '41');
INSERT INTO `user_communities` (`user_id`, `community_id`) VALUES ('177', '92');
INSERT INTO `user_communities` (`user_id`, `community_id`) VALUES ('180', '42');
INSERT INTO `user_communities` (`user_id`, `community_id`) VALUES ('180', '93');
INSERT INTO `user_communities` (`user_id`, `community_id`) VALUES ('181', '43');
INSERT INTO `user_communities` (`user_id`, `community_id`) VALUES ('181', '94');
INSERT INTO `user_communities` (`user_id`, `community_id`) VALUES ('185', '44');
INSERT INTO `user_communities` (`user_id`, `community_id`) VALUES ('185', '95');
INSERT INTO `user_communities` (`user_id`, `community_id`) VALUES ('186', '45');
INSERT INTO `user_communities` (`user_id`, `community_id`) VALUES ('186', '96');
INSERT INTO `user_communities` (`user_id`, `community_id`) VALUES ('188', '46');
INSERT INTO `user_communities` (`user_id`, `community_id`) VALUES ('188', '97');
INSERT INTO `user_communities` (`user_id`, `community_id`) VALUES ('191', '47');
INSERT INTO `user_communities` (`user_id`, `community_id`) VALUES ('191', '98');
INSERT INTO `user_communities` (`user_id`, `community_id`) VALUES ('194', '48');
INSERT INTO `user_communities` (`user_id`, `community_id`) VALUES ('194', '99');
INSERT INTO `user_communities` (`user_id`, `community_id`) VALUES ('195', '49');
INSERT INTO `user_communities` (`user_id`, `community_id`) VALUES ('195', '100');
INSERT INTO `user_communities` (`user_id`, `community_id`) VALUES ('196', '50');
INSERT INTO `user_communities` (`user_id`, `community_id`) VALUES ('199', '51');




